x1,x2
3.6952567,12.532793
3.8526835,12.411735
2.7676044,12.974611
3.8844092,13.294835
2.6535368,13.07995
3.8715024,13.152401
3.9774299,12.487086
3.1209733,13.25144
3.4743452,12.794636
3.260517,13.022007
1.091945,11.785933
3.728384,12.242011
3.8252933,12.284823
2.875206,13.310061
1.0954002,11.826231
3.9395804,12.596669
3.4147003,12.804923
3.5298805,12.893484
3.2995706,13.101321
3.3485918,13.30906
2.3153346,12.7828245
3.352438,13.086501
0.8402087,11.671892
3.4755425,12.816336
1.5565984,12.132648
3.5093312,12.733209
2.078364,12.15298
3.7008886,13.008008
2.7116523,12.165867
2.2371325,12.453941
3.949522,13.136571
4.069384,12.551768
3.9609067,12.271518
1.3232276,11.864162
3.3503847,13.560162
2.9075797,12.671033
3.5314054,12.570289
3.7419593,12.118542
3.713127,12.391258
3.572649,12.16548
3.5905087,13.388428
2.8992693,12.603716
3.5772755,12.038183
2.4458063,12.739767
4.0060964,13.136515
3.3936915,12.868679
2.9189923,13.222639
3.5978513,11.998584
0.70278203,11.740041
3.958569,12.973067
1.3682396,12.08707
3.561855,12.411794
2.0101063,12.029704
1.0230237,11.776154
3.9883807,12.515739
3.5977435,12.640674
3.9468956,12.497098
0.74127275,11.653183
1.8729805,11.977977
1.2122529,11.796006
2.6062229,12.819328
2.045316,12.365086
2.7123716,12.968095
2.640804,12.181886
3.2412183,11.981249
2.328227,12.616881
2.64314,11.885298
3.746708,12.144151
2.2792015,11.911116
3.3821828,12.184911
3.4128604,12.612832
2.177345,12.455225
1.600318,12.169363
2.494081,12.829762
1.1526752,11.790882
1.6886929,11.915296
1.4959681,11.893305
2.8670251,13.165557
2.1980991,11.935392
3.4945228,12.866772
3.7245123,12.485949
3.4791348,13.443433
3.4639988,12.448597
0.6978951,11.636155
2.1193585,12.436681
3.7008164,13.458123
3.359936,12.593676
1.7909957,12.306381
3.6160572,12.792565
2.2436526,12.508994
2.7266638,11.879819
3.3255098,13.165135
3.5681937,12.649683
3.627591,12.903494
2.1582792,12.509293
3.902492,12.531406
3.6555693,13.113626
3.1541667,12.78512
3.05977,13.137362
3.711472,12.081965
2.3573163,12.493793
3.5455244,12.813443
2.852734,11.992163
3.6817522,12.759075
3.0435796,13.275593
3.1686888,13.214562
3.0122914,13.262095
3.5055733,12.476851
3.063343,13.131955
3.2489104,12.898547
3.4719293,12.816226
2.526338,12.869028
3.3877718,12.800264
2.636093,11.928297
2.992838,13.25086
3.5146854,12.579025
2.6652715,12.841528
3.7544665,13.096891
2.3117292,12.195846
3.800013,13.400576
1.3469025,11.867162
2.1195385,12.5203285
3.405345,13.187029
0.6434266,11.609835
3.4296865,13.495156
3.5051773,13.396387
3.961095,13.328848
3.4865642,12.619336
2.5968192,13.066767
4.0096273,12.719932
3.955305,13.127547
0.65762264,11.608684
4.008178,12.534019
2.4569182,12.207668
0.72079,11.648053
2.3428867,12.136667
3.2517986,13.161407
3.8063052,13.460506
3.153943,13.244519
3.0860388,11.945325
2.465183,12.28255
2.6255262,12.959262
3.1297328,12.12847
3.7107952,13.205926
2.9681885,12.290942
2.1931546,12.236867
4.0807137,13.006217
3.3567028,12.969456
0.6828701,11.642113
3.5131996,12.077855
2.4795225,12.356258
2.9009504,13.269523
3.6983056,13.515724
3.6506352,12.032635
3.008883,13.209646
4.047665,13.063212
1.9238714,12.23921
3.5103328,11.94408
1.7480339,11.9356785
3.0351667,13.352459
3.2942338,12.388684
3.2976358,12.427832
3.7140214,13.394949
3.3258357,13.3885975
3.8329213,13.2779455
3.299595,13.071076
2.4101813,12.333938
3.6438036,12.067693
3.933583,12.500913
0.74972796,11.691471
2.643593,12.223123
3.3804874,12.662582
2.5741515,12.925651
3.2187002,13.343337
3.9372258,12.448085
3.6367042,13.415783
3.3942864,12.886555
0.63114417,11.604922
2.5385578,12.864888
2.0640085,12.262554
3.4479978,13.586528
1.4054172,11.931641
1.7506491,12.137213
0.75693125,11.686183
2.0242326,12.035637
2.7224367,11.953164
3.804498,13.038045
0.6424197,11.588094
3.0693095,12.223021
0.7080219,11.70443
2.145127,12.555015
3.252643,13.358059
2.4737518,12.323987
2.204965,12.612909
2.528567,12.375623
3.3261611,12.758253
2.2000663,12.556974
1.5614501,11.902138
1.7187349,12.250923
4.0120215,12.824048
3.3657527,13.448829
2.2895024,12.321851
3.0726469,13.425426
3.530529,13.058398
3.5911665,12.07064
3.1984274,13.305899
0.8870836,11.755604
2.6835546,13.082043
3.5698998,13.040235
3.5161831,12.735345
0.70184046,11.719776
3.4500685,12.832102
3.1230214,11.982177
3.9048872,13.233215
2.3618195,12.853531
3.8926115,12.129898
2.4390857,12.587473
2.5408332,11.866061
3.101773,13.160382
0.6971199,11.692363
3.5119452,12.215343
0.881399,11.747778
3.7401779,13.098164
2.917359,13.119616
0.7009295,11.650097
3.5898201,13.402616
3.461754,12.962279
1.1958673,11.753561
0.75935894,11.74991
3.8698525,12.22456
3.911673,12.539183
3.8412943,12.966022
3.732147,12.583644
3.8341088,12.892553
1.9806604,12.47372
3.0461235,13.265502
2.0322325,12.199476
3.5403693,12.294379
1.0293587,11.779041
2.2742176,12.332814
3.5585814,12.051729
3.3976727,12.198729
2.1003902,12.175843
3.022963,12.398449
0.80079,11.711904
3.5473676,12.858212
3.426463,12.104117
3.5794823,12.036821
3.971041,12.256262
3.619441,12.177009
2.410397,12.823255
1.1881202,11.794003
3.9149451,13.181203
2.456596,12.253935
3.2483895,13.268951
1.3554125,11.849903
2.8766139,13.216498
3.9901643,12.472671
2.3872511,12.717966
2.5480344,12.981078
3.9006212,12.894452
3.7498674,12.795578
3.6958015,12.258256
2.4989157,12.829329
3.954897,12.41645
1.9631358,12.008532
1.0916653,11.809607
4.0454297,13.109119
3.7388659,13.311881
2.461909,12.226685
2.2077425,12.128571
1.6969894,11.955128
3.9248579,12.615888
3.8969495,13.216749
3.463265,13.549069
3.765623,12.934788
3.6520262,13.020622
3.4409435,12.806035
0.7592544,11.687565
3.0753763,13.2584305
3.761151,12.298448
3.9757013,12.378845
2.5734065,12.296821
0.8778281,11.728225
3.8316977,12.225378
3.8810296,13.129515
3.2131176,13.458897
2.910155,13.051467
3.492554,13.306159
2.7939587,12.605131
3.2963839,13.400418
3.867454,12.1602745
2.9652617,12.53039
2.1964552,12.6104
3.538929,13.35993
2.2919285,12.193331
3.4129152,12.21666
3.724326,12.1885805
2.1387286,12.539995
0.6728326,11.644211
3.4682953,13.080844
2.3943048,12.674507
3.0019894,13.235569
3.67663,12.782448
3.3814223,13.188667
3.664426,12.288053
3.2672393,12.350234
0.9938971,11.779805
1.545907,12.153712
3.4748082,13.547062
3.0883582,13.352126
3.6891234,12.080496
3.512228,13.391596
2.476279,12.859247
2.0150898,12.151852
3.6225417,12.623859
2.957043,12.355312
3.4156466,12.150669
2.6252756,12.434089
0.7011209,11.714801
4.0261807,13.091498
3.3253481,12.66673
3.8571017,13.370781
2.8418722,12.29408
3.9770114,13.057383
0.72466785,11.660641
2.6521192,12.04646
3.1667445,11.9857645
1.0802102,11.791072
3.5449233,13.158036
0.76582664,11.690076
2.6360693,12.125149
2.5551147,12.263081
3.2914016,13.101114
3.2552662,13.347612
3.949604,12.981206
3.6945603,13.166863
3.5233917,12.612652
2.3997629,11.85958
3.5295625,13.129205
4.003378,12.801914
1.8909016,11.944773
1.8599143,12.2825575
0.71579385,11.594065
2.8645618,13.105282
3.597877,13.064865
1.028841,11.776858
3.1692975,13.504541
2.7536073,13.134804
2.1755998,12.185948
2.7221277,12.879302
3.7899878,12.113468
2.219091,12.658205
3.2980504,12.04584
3.9646282,12.513214
2.6546175,12.896962
2.0122583,12.128032
0.6799793,11.631739
3.4161897,12.819196
3.8017201,12.393384
1.533806,11.8871975
3.478358,12.750939
3.5945132,13.481981
2.187185,12.554528
3.7736032,13.307846
3.166544,12.7654915
3.4164329,12.941408
3.6353981,12.717366
0.9504492,11.717924
3.1183665,12.818277
1.3580803,11.845463
2.6412132,12.195669
3.908866,13.345919
2.0668015,12.416109
2.740696,12.350776
4.108106,13.043805
4.002375,12.937534
3.146627,12.853093
3.5982342,12.992658
2.3083122,12.079435
3.713878,12.087629
3.5911443,12.349064
4.087957,13.12917
1.4362788,11.901644
3.780064,12.45565
3.159701,13.183739
2.1752877,12.544989
3.6624894,13.405829
1.1469198,11.80088
1.2318566,11.822577
2.9133523,13.183912
3.7277634,13.444522
1.9325728,12.377801
3.6351588,12.6811695
3.8072171,13.200348
3.5304635,13.524092
0.6946825,11.663498
3.9791107,13.029128
1.5528657,12.03296
3.184572,12.795118
3.5518525,12.119396
3.5148711,13.428008
3.4881704,12.16837
1.5793692,11.864626
3.292425,12.821695
2.1400106,12.473855
0.95861906,11.731314
3.142298,12.80005
3.808184,12.630269
2.9607773,13.125083
2.174227,12.354376
3.9407701,12.31131
1.3879638,11.87365
1.4201974,11.862905
0.81262857,11.673456
1.9743432,11.947571
0.6558169,11.58051
2.5082235,12.796276
3.561031,13.498755
2.6524851,13.154198
3.3061223,13.247141
3.8387682,13.011017
1.1260468,11.7580595
2.7879264,12.696879
3.588696,13.366959
0.7117365,11.639487
2.4702346,12.23295
3.7482622,13.176183
2.1987734,12.5388155
3.8022876,12.318607
1.3581995,11.857895
3.369525,12.724641
3.0711432,13.254568
3.9137707,12.50905
3.8784506,12.935577
2.2217395,12.086946
3.4537358,13.580509
3.6428375,12.390733
0.945061,11.807695
3.6621332,12.0555315
3.9501188,12.560491
2.2753968,12.235777
2.2025552,12.002971
1.0215528,11.757657
3.740536,13.101992
3.7869852,12.919123
2.6951764,11.870966
3.718398,13.385761
0.65579027,11.614746
3.5386777,13.419091
3.9323835,12.309056
3.4567697,12.093737
2.9936862,13.082994
3.6714673,12.394147
1.2693105,11.815477
3.627893,13.467806
2.5367327,12.457356
2.1487694,12.279477
3.701826,12.260074
3.7671978,12.776124
4.0324826,12.3009405
3.5673335,12.040824
4.043186,12.833734
3.8863664,13.387405
4.004066,12.353988
3.3249846,12.73186
3.2548897,13.419633
3.3065815,13.17168
2.039517,11.910406
2.8376122,12.383044
3.4368207,12.087644
3.0352492,13.236524
1.1785879,11.829778
3.2025337,13.299542
3.8959343,12.983971
3.4873893,13.624165
3.2133377,13.497274
2.4162126,12.1797
3.3527596,13.544206
2.0423775,12.19088
2.2331426,12.371639
3.5244458,12.853006
2.0177174,12.048678
0.6610778,11.610965
2.7936294,12.070921
3.1393254,12.803685
1.0964199,11.760092
2.827232,12.945825
4.0223536,12.657671
3.0656917,11.932641
3.5700183,12.36419
-6.6221976,6.4353957
-7.405573,5.8274035
-8.062511,6.13224
-6.587551,7.049216
-6.5279436,6.7541986
-6.9547143,6.5307403
-7.9141903,7.23407
-7.2035985,7.554793
-6.8142467,6.594358
-7.834657,7.582997
-6.6284857,6.8989906
-8.031576,6.0852513
-6.6098423,6.209883
-6.9858217,7.206824
-7.6546097,6.8103323
-7.99404,7.099249
-7.512909,6.840692
-7.4102654,7.0408683
-6.512437,6.8209424
1.3110762,-5.3279943
-7.1233244,7.3267283
-7.651931,7.468742
-6.7879605,6.342109
-6.9859304,5.9155316
-7.3223834,7.527701
-6.93202,5.8926706
-7.7351837,7.2136145
-7.730051,5.897485
-7.0488815,5.93349
-6.867741,6.94796
-7.247998,6.658845
-7.638763,6.734133
-7.0108924,7.079801
-7.650836,6.1644855
-7.5884295,7.0567327
-8.002579,7.1586866
-7.4314566,7.392741
-7.3165174,5.604342
-7.0034904,5.7730575
-7.6847305,6.1730623
-7.715423,6.452927
-6.6382213,6.95449
-7.5041957,6.6845026
-6.561974,6.798411
-6.6910763,7.2283034
-7.9114976,5.971391
-7.934462,7.308566
-7.5356293,6.750205
-7.44656,6.0097747
-6.936689,6.8427258
-7.152438,6.156069
-7.5035295,7.4233065
-7.017448,5.6328444
-7.701341,7.38628
-8.154679,5.9718266
-6.653592,7.148228
-6.9196134,5.8679585
-6.929069,6.8000536
-7.9187293,5.937086
-7.5369473,7.4389277
-7.0428653,6.382715
-7.4412746,6.4772983
-6.5477014,6.763238
-6.8074665,6.2826886
-8.004647,6.019113
-6.885105,6.712281
-6.8882523,5.809691
-7.2158055,6.9390745
-7.732181,6.8115134
-7.1031704,6.1270514
-6.711047,6.9789615
-7.3729553,6.6015096
-7.179561,7.020316
-6.758303,6.3284283
-7.8193855,6.565418
-7.863796,6.79394
-7.776413,6.008682
-7.7119255,6.7959948
-7.087282,6.8338823
-7.626376,6.6917624
-7.968144,6.181556
-7.7323227,5.8856387
-6.7076097,7.0595326
3.9707787,12.373384
-7.705981,7.366521
-7.9479313,6.363821
-6.544878,6.3569674
-7.2241416,7.130444
-7.8446116,7.6481643
-7.3126674,6.981046
-7.084336,5.851577
-7.760749,7.0229325
-8.224192,6.3767633
-7.668,7.438944
-7.919096,5.8612375
-8.002727,7.245893
-7.9455557,7.212578
-7.597068,5.7519007
-7.8001685,5.833674
-7.8144336,6.4350963
-6.9099336,7.311135
-8.0724125,6.5878687
-7.144709,7.1963663
-7.7820945,5.9546394
-7.8939495,6.4896774
-6.745351,6.6849003
-8.021195,6.4579663
-7.600682,6.581245
-7.3169446,5.656953
-8.06487,6.110824
-7.6999907,7.397587
-7.17448,6.6311707
-7.740995,6.844962
-7.7438474,6.695087
-7.6555953,6.6881227
-8.214517,6.461719
-7.2160444,6.671046
-7.872549,6.846545
-7.5780234,7.358128
-7.131805,7.668706
-6.5678725,6.8110285
-6.7157793,6.8093348
-7.8984365,7.3258934
-7.9358215,6.5290704
-7.825077,6.732953
-7.159887,6.022175
-6.5845475,6.3576503
-7.7640085,6.644299
-7.6520677,7.630835
-7.538654,6.263963
-7.861497,5.9274654
-7.587319,6.9046173
-7.961872,6.746105
-6.534848,6.936069
-6.8627415,6.4749355
-7.2146654,7.5392685
-8.282603,6.1060987
-6.680437,6.77128
-7.5869637,7.0954943
-7.8160496,5.910528
-7.1408033,7.5617127
-6.4318233,6.8572965
-6.872664,5.9123063
-7.158205,6.2369714
-7.26768,6.3273997
-6.6962767,6.9329424
-6.8734655,5.8260746
-7.6010365,7.1783943
-7.506513,5.7879477
-7.6225824,6.9383554
-8.185343,5.9953914
-8.019417,5.8617325
-7.9243493,7.0948734
-7.13067,6.0168304
-7.690833,6.523546
-7.3035827,7.5192046
-7.5726824,6.1531796
-6.9259315,6.1080456
-6.8400717,6.052434
-6.531033,6.8155003
-7.1585045,6.5945606
-7.837803,6.9609203
-7.1841526,6.751396
-7.112565,6.651588
-6.9450183,5.7758837
-7.8471036,7.441352
-6.5425696,6.7833157
-7.267258,6.9931397
-6.89995,7.0881333
-7.3076677,6.0046754
-6.6188784,7.1436048
-7.536659,6.6964808
-7.7621374,7.475608
-6.8993816,6.615562
-8.081818,6.072254
-7.0490394,6.025753
-7.605359,6.982759
-7.859531,7.704449
-7.8265386,5.8644767
-6.578051,6.2998605
-7.969512,5.952993
-6.979756,5.703516
-8.023122,6.7597766
-7.117825,6.8482833
-6.535686,6.810414
-7.872351,6.0009127
-8.169272,6.390061
-6.98852,5.773047
-7.467459,7.3208375
-6.5956297,6.5881057
-7.0666904,7.6664805
-6.5923266,7.1429086
-6.955984,5.9590826
-7.1444125,6.7951474
-8.043568,6.0405273
-7.6829014,6.9664755
-6.941176,5.9651365
-7.7846694,6.2074156
-6.810511,7.4062624
-7.7938724,6.8754716
-8.089173,5.8931594
-7.7486577,7.4390264
-6.6122956,6.262842
-7.3094625,6.751305
-6.9597697,5.7991023
-8.014464,6.0495973
-6.6241765,7.1960044
-7.923213,7.27122
-6.783641,7.338698
-7.0481896,7.6437306
-7.884213,6.339769
-7.1184597,6.5199633
-7.9401207,7.2141237
-6.652134,6.2915783
-6.9720154,6.811086
-7.238121,7.3644457
-8.085803,4.2423916
-6.747891,6.605235
-7.386153,6.3548756
-7.501993,7.1702204
-6.9272747,6.8510494
-7.0135756,6.33447
-6.691484,5.719693
-6.5950365,6.2850227
-7.0800033,7.5986986
-7.1359615,7.5864944
-6.8606606,7.0401545
-7.232119,6.6935134
-7.101336,6.947763
3.2900317,-4.0702434
-6.9381757,7.427094
-7.697455,7.406489
-6.7211313,6.73841
-7.84118,6.5838037
-7.608019,6.845169
-7.1266127,7.6182337
-6.8652143,5.861021
-7.8913856,6.0616126
-7.0814166,7.5902724
-7.6092186,7.281397
-7.7871985,7.3773937
-7.8008537,6.8113666
-7.97578,6.7345676
-6.850936,6.745418
-7.197394,6.518554
-6.6623063,6.115327
-6.7927985,6.265674
-7.8226495,6.300116
-6.6354704,6.927589
-7.6356473,6.3425136
-7.2821374,6.49981
-8.006553,-9.567943
-6.9161096,6.2048135
-7.8809047,6.6748595
-7.5566044,7.011624
-7.1781054,7.574463
-7.874471,7.5486703
-7.350441,7.0146475
-7.270267,6.6326275
-7.960839,7.2688527
-6.575434,6.233852
-7.1564603,7.579403
-6.571969,6.9257803
-7.0372796,6.2329364
-6.8222404,6.742251
-6.7724705,5.9703336
-7.8129015,7.556899
-6.863408,6.1851645
-6.7208924,6.484984
-6.8030853,6.8637047
-7.286463,5.7087007
-7.883108,6.898212
-7.4990582,6.2200427
-6.9429603,5.76957
-8.267607,6.245761
-6.9546814,7.411378
-7.2780824,6.859986
-7.18358,6.8517065
-7.7597723,6.241344
-8.002345,6.7969904
-6.845527,6.054335
-7.887225,6.8515162
-8.21706,6.437127
-6.804728,5.8462386
-6.9197693,5.93979
-6.931626,5.760076
-8.094534,6.325767
-7.886207,6.6414227
-6.8640094,6.6424026
-7.0693345,6.763882
-8.099648,5.964817
-7.3477335,6.7397227
-6.6021276,6.760295
-8.047081,7.2684064
-7.056764,7.687201
-6.7860627,5.965475
-7.1118603,5.6257544
-7.1882544,6.9988303
-7.873124,7.6528087
-7.670142,7.3181853
-7.489468,6.9519157
-7.2372866,7.2759542
-7.684926,7.399657
-6.764997,6.7904825
-8.213688,6.0122395
-7.183371,7.4702864
-7.357575,6.611813
-7.881367,6.5550313
-7.925913,7.158652
-7.9569454,6.262008
-7.2807493,7.500626
-7.5265503,7.113156
-7.5295444,6.502822
-7.898845,6.9261656
-6.95231,6.071727
-8.007547,6.505523
-7.6546116,5.8784666
-6.550641,6.789537
-7.2810464,6.118174
-7.802179,5.8233647
-7.303492,6.9146166
-7.658874,5.7698617
-7.2831264,6.653248
-6.6664033,6.4721365
-7.911589,7.6904774
-6.7944283,6.796423
-6.79135,6.0089474
-7.502419,7.005927
-6.8003526,6.024311
-7.796043,6.360376
-7.753501,6.939354
-7.83641,7.5358486
-7.217812,7.577807
-6.882768,6.2642117
-6.6090837,6.7817492
-7.2901998,6.5271063
-7.9256053,7.5861263
-7.4724574,6.7142677
-8.101367,7.1329923
-7.2069297,6.5120335
-8.0231695,5.98906
-7.4300165,6.649636
-6.9992714,5.9554577
-7.3065996,6.0544705
-7.4313054,6.9655347
-6.922402,7.04807
-7.0557013,7.6896873
-6.7756486,7.1693497
-6.9770555,5.724791
-6.9836926,7.451896
-7.0224175,7.6612926
-7.720619,7.1704884
-6.8445024,7.0551114
-6.810473,5.932481
-6.981528,7.3951936
-8.050853,6.6918745
-7.633844,6.419302
-7.573753,6.957513
-6.9739733,5.728501
-7.608971,7.457527
-7.0047774,2.2961588
-6.5237164,6.766803
-6.5297046,6.8179603
-6.5537157,6.294386
-7.5922494,6.8480277
-7.4408216,6.4842424
-7.0160108,5.6419325
-7.9017954,7.4610615
-7.910389,5.9030724
-6.593954,6.58604
-7.60659,6.389666
-7.9787893,5.999927
-7.251521,7.703757
-7.0157666,7.599936
-7.3241024,6.7739887
-6.8305817,5.8893847
-7.942915,7.10602
-7.123657,7.694258
-7.07662,6.2258277
-7.993264,6.9881873
-7.2695117,6.7008805
-7.112571,5.6626806
-8.188672,6.6295114
-6.5666103,7.1266975
-6.770386,6.0432277
-7.204199,6.4398384
-7.7256536,6.738971
-7.254183,7.6898036
-6.438625,6.8420663
-7.2136936,6.9390907
-7.8430543,6.729129
-7.5183735,6.756932
-7.0555305,7.3758845
-7.7676797,6.2219305
-8.100047,6.0305767
-6.692006,6.1729245
-7.693147,7.332384
12.974103,-1.6903166
12.428715,-0.7547108
12.631089,-2.1134865
13.214109,-0.8683651
13.666074,-0.94002646
12.55773,-0.20708348
12.954497,-1.8698275
12.323296,-1.7649488
12.694046,-0.89589363
12.660745,-0.45931497
13.205052,-1.0803347
12.316309,-0.74585813
13.291158,-1.6244864
13.629265,-2.0798388
13.028571,-1.1206133
10.09217,4.8465133
13.501032,-2.1624694
13.740298,-1.1745768
12.823183,-1.793858
12.834651,-2.2464619
13.380823,-2.1869464
13.1801815,-2.1548448
12.727326,-1.8416548
13.892882,-1.7577865
12.8157625,-0.38183063
12.982347,-1.8281938
12.5845175,-0.710452
12.384831,-0.85461146
12.689932,-1.9950045
13.9312105,-1.6692239
12.304345,-0.66506946
12.507882,-1.1698639
13.210335,-1.75302
12.489135,1.2479773
12.989388,-1.4758147
13.441591,-2.0617166
12.650194,0.6840934
10.080925,4.845093
12.585698,0.23269838
12.264244,-1.1482396
12.303461,-0.88704884
12.980485,-2.0653038
13.69944,-1.2623574
12.841604,-2.123628
12.453354,-0.09531586
12.647789,0.026889905
12.474348,-0.9184568
13.043934,-1.0005747
12.356555,-0.6826473
13.628345,-1.1395692
12.904287,-0.76458895
12.538203,-0.3170922
12.714426,-2.079576
10.103211,4.8659134
13.380913,-0.45199618
12.683476,-0.31220183
12.426031,-0.19287477
12.852583,-1.9456062
12.788191,-1.85296
12.422568,-1.0324482
13.23677,-0.63882846
12.436605,-0.85681623
13.161965,-1.3021429
13.208185,-2.011558
12.767452,0.052254576
12.59344,0.93046385
12.67285,-0.7398575
13.297144,-1.0972195
13.8850565,-1.6627288
13.598345,-0.92784804
12.91708,-1.1193621
13.728742,-1.2876105
12.455025,1.340605
12.612226,-0.048333295
13.603024,-1.6420969
13.479212,-0.9030217
12.489313,0.0712002
12.583795,-1.967217
12.745693,-2.192572
12.801083,-2.0637705
13.452385,-1.3372308
12.671347,-0.24156532
13.342415,-0.47636056
13.191212,-2.1860955
12.828403,-2.038964
13.02323,-1.2723347
12.743363,-0.4760908
-5.5799007,0.5373372
13.153843,-1.4224751
13.841752,-1.7260215
12.555723,-0.54888713
13.962804,-1.6114559
12.54507,-2.1537411
-0.5419381,-1.3813537
12.702102,-1.2981663
13.008241,-1.2516286
10.094367,4.858432
12.979567,-0.9942307
12.715024,-0.9565606
12.551858,-1.9141126
12.575562,0.2053884
13.587873,-0.7263537
13.8422575,-1.1909094
12.985108,-0.987532
12.598053,-0.38990396
12.901681,-0.15883118
12.989924,-1.084689
13.248711,-1.2127913
12.743161,-1.9466078
12.651813,-1.0772104
12.766936,-1.4362748
13.267049,-0.7322825
13.884332,-1.3439405
12.376641,-1.06622
12.992044,-1.9282863
13.297293,-1.6433828
12.807145,-2.090054
10.105406,4.865297
13.761654,-0.8998825
12.824407,-0.54373956
12.641166,-1.7444669
-1.1977029,-1.333408
13.229876,-1.993118
13.174155,-1.6293187
13.457695,-2.084727
12.607933,-1.0544657
13.875612,-1.2585734
12.752058,-2.1905951
12.580808,0.24321735
13.319189,-2.2284698
13.525034,-2.1222305
12.503989,-0.6818554
12.974695,-0.4747184
12.175008,-0.76565295
12.931945,-1.0805377
13.607617,-1.0025862
13.526256,-1.4175197
12.611899,0.19707863
12.641394,-1.212818
13.558609,-1.9607986
12.616604,-0.18072706
13.496044,-0.9207473
12.884138,-1.7307417
13.4229355,-1.0343455
13.733116,-1.6251577
13.888575,-1.8182967
12.341367,-1.2204429
12.803302,0.013808409
12.599846,-0.08947601
12.791638,-2.1690087
12.576882,1.0456411
13.293852,-0.5418079
13.786997,-1.542183
12.595138,1.014314
12.831756,-1.3171089
13.460765,-1.550036
13.684209,-1.1478485
12.746374,0.14262788
12.936355,-1.1475567
13.235437,-1.4693274
13.2250185,-1.8226991
12.494557,1.1656445
13.045381,-1.5517526
10.116544,4.8871307
12.887901,-1.759065
12.439949,1.3842198
13.722236,-1.3713511
12.392265,-1.9232826
12.391593,-1.9815539
13.371044,-1.676396
12.449669,-0.47593036
12.704872,-1.5724097
12.680983,0.6863445
12.637889,0.7521018
12.448351,-1.2828411
12.718503,-1.5147591
12.753795,0.073885165
12.893646,-1.9925109
12.25621,-0.6102061
12.686407,-1.4686887
12.292506,-0.30847022
12.878802,0.27944252
12.798854,-0.14045243
12.228585,-0.86209154
12.5976305,-0.64842004
12.571493,0.38123792
12.227079,-0.5991008
13.047295,-1.9115045
12.4327135,-0.17829348
13.508209,-1.0901593
12.416524,-0.93537426
13.414104,-0.99008024
12.657256,-1.8539596
12.383109,-1.0599656
12.631444,0.6878918
13.267591,-1.516641
-0.68953466,-1.1689949
13.248929,-1.9929733
12.864503,-1.992586
12.573179,-0.12118494
13.075565,-1.9251413
12.624642,0.81219465
13.449254,-1.1006804
12.514539,1.2035009
13.743195,-0.8990333
12.749151,-1.8063704
12.688036,-1.7081876
12.846747,-1.1811584
13.21542,-0.6404221
12.71598,0.48138323
12.809659,-0.9480606
13.839855,-1.3395816
12.341664,-0.714383
12.305876,-0.92026895
13.297841,-2.102414
12.698288,0.4860884
13.770719,-1.6439465
12.749745,-1.9210953
12.953105,-1.0063939
12.605809,-2.1357794
13.193968,-1.4588103
13.455679,-0.60411817
12.392704,-0.6767451
12.487351,0.024511462
12.946347,-0.16216458
13.8481865,-1.7654998
13.024502,-0.8638678
12.69856,0.70537955
12.94421,-0.6193188
12.926476,-1.7625731
12.653657,0.7679936
-0.48796663,-1.1666217
12.525361,1.172821
13.028756,-2.1943724
12.695222,-1.9619036
13.464258,-0.940021
12.450024,-0.44005826
13.20998,-0.48121366
13.004147,0.13912082
12.701685,-2.3312595
12.817838,-2.188854
13.619165,-1.0486253
12.802193,0.040970523
12.994086,-1.8830602
13.322717,-2.118598
13.219644,-0.9840019
12.863656,0.32645807
10.093169,4.856468
12.299067,-0.43451682
13.901065,-1.9940621
12.815944,-0.38181347
13.32547,-1.9058975
13.24542,-1.2286229
13.447326,-1.7602936
12.251599,-1.1071178
13.681564,-0.8195622
13.107462,-1.1357688
13.167542,-2.0953648
13.105919,-1.7070342
12.345068,-0.7958669
13.5803795,-2.0884333
12.5000515,-0.0653773
12.330244,-1.0148805
13.08012,-1.168596
12.952616,-1.3201584
12.795278,-1.902143
13.184166,-0.69177717
13.724492,-1.5768187
13.033678,-1.9199766
12.588773,0.7749402
12.824472,-0.816494
12.42041,-1.8040911
10.096007,4.8594465
13.274079,-1.2140102
12.898871,-1.242884
12.282234,-0.8968141
12.830646,-0.441562
12.431164,0.05657677
13.118688,-1.1140136
13.339855,-0.62381065
12.723614,0.08446009
13.219561,-2.1120088
12.771835,-0.015418807
12.96051,-0.052185
13.786751,-1.2875029
12.55683,-2.174293
13.04725,-1.6826522
12.871525,-2.2672095
13.75871,-1.5526649
12.41157,-1.9014775
13.121996,-1.7607838
12.869131,-1.9236518
13.714912,-1.5493828
12.792927,-1.437837
13.209546,-0.48137423
10.093411,4.8567195
12.954606,-2.2728047
12.715418,-2.0814848
13.497707,-1.7065822
13.44035,-1.6070288
13.37435,-2.1496964
13.051275,-0.60527664
12.719896,-1.8352252
10.041905,4.8032646
13.136985,-2.2294848
13.233015,-1.1503569
12.666834,-2.1984036
12.49056,0.08313078
13.253697,-1.5578673
12.62288,-2.2895865
13.609994,-1.6691958
13.018097,-1.9147434
12.30371,-0.93568325
12.361315,-0.27283406
12.986781,-2.2530239
12.527722,1.1820319
13.527538,-1.9010688
12.987915,-2.1039245
12.899599,-0.8567141
12.575408,0.63606274
13.380876,-0.7347223
13.723,-1.1535689
12.654633,0.73546404
13.722802,-1.3778118
13.350329,-0.61501646
12.615197,-0.55897975
12.842562,-1.8500113
12.854275,-1.5457243
13.2639265,-1.3314779
12.749276,-2.2325623
12.406281,-0.048888087
13.06529,-1.1703812
12.432773,1.396875
13.5222225,-1.6344569
12.836352,-2.0915532
12.17027,-1.1891801
13.158575,-1.3349657
13.479944,-1.4732533
13.231337,-1.523012
13.307525,-2.2537084
12.616301,0.36975664
13.372609,-0.6967917
13.769108,-1.5710658
12.428316,-1.079127
13.9396515,-1.4405725
12.3581915,-0.71293634
-5.574905,0.53369206
13.316199,-0.93888855
12.396123,-1.8034682
12.847134,-0.0063117133
12.585758,-1.065554
12.575015,-0.7846214
12.437562,1.3953437
12.924208,-2.2387972
12.750504,-0.9629192
13.595701,-1.338739
13.161959,-1.435532
12.911785,-0.6146129
12.703974,0.6185288
12.601939,-1.3352011
12.831968,-2.1379979
12.397217,-0.38341016
13.149199,-2.2400749
12.450812,-0.9281841
12.450958,-0.62390244
12.819375,-2.134503
13.086583,-1.343752
12.476982,-0.55629146
13.286972,-1.1218017
12.539396,-1.3245918
13.888131,-1.0912706
13.509774,-2.0088508
12.990185,-2.0696256
13.37136,-0.92998
12.399949,-1.1170534
13.601596,-0.8942215
13.58825,-1.9502333
12.785054,-1.6982921
12.618276,-1.6191566
12.809526,-2.323393
12.650465,-2.1962883
12.593812,0.89059216
13.366082,-0.58942765
13.005423,-1.7962145
13.466371,-1.5851923
13.0420475,-1.0687675
13.19615,-0.7411806
12.848078,-0.6276427
12.855404,-0.40161234
13.127583,-1.9499484
12.592443,-0.003956426
13.733996,-1.7802113
13.52336,-1.5199585
12.54772,-0.049021997
12.621702,-2.3953986
12.854999,-0.23207161
12.833088,-0.2042746
12.92228,-1.3537093
13.545057,-1.2714729
12.904585,-1.6662395
12.441232,1.3796365
13.234778,-1.5708921
13.859162,-1.4747972
13.389915,-1.6466535
12.426222,-1.9327397
13.190621,-1.9441011
12.883388,0.039451744
12.496096,-1.0475595
13.3357525,-0.6124498
12.589121,0.8918637
13.776705,-1.6328486
12.614438,-2.3281982
12.575416,-1.9671152
12.594544,0.84457326
12.910649,-0.13697861
13.262497,-2.2696166
12.6026745,0.8998865
12.549802,0.9278187
13.252077,-0.9825453
12.796612,-0.9378521
12.917847,-2.2680457
12.449644,-0.17954117
13.065552,-1.973535
12.683698,-2.275018
13.816247,-1.201975
13.392016,-1.6087672
-1.3180767,-1.4149507
13.261516,-0.5639129
13.484073,-2.0732517
12.637854,-2.269758
13.259763,-2.3310838
13.804092,-1.5191419
13.152908,-1.3888389
13.599136,-1.9805226
12.929174,-1.0114223
12.519118,-1.0942304
12.601625,-2.3506095
12.72183,0.6046749
12.680284,-0.24943356
12.340973,-0.9931911
12.981453,-0.7939736
12.717286,-1.7683342
12.796057,-1.7256238
13.345473,-0.8170409
12.228101,-0.94439095
13.884926,-1.8486004
12.4987755,-0.6920959
12.84571,-0.11502915
12.732833,-1.640198
12.575902,-0.721435
12.314723,-0.8199693
12.511179,-0.9163233
13.551262,-1.5736057
13.396093,-1.6248126
13.5368595,-1.1067804
13.113341,-0.4620622
12.957887,-1.2111281
10.097102,4.8575063
12.475527,-1.1146187
12.2861805,-0.45758444
13.038421,-0.29276142
12.856238,-1.6980087
12.267732,-0.60526377
12.429702,-0.96976733
12.518222,-1.7593352
13.782244,-1.5658928
12.564199,-1.1542583
13.250193,-1.3376905
13.564681,-1.4941018
12.565923,-1.9085472
12.396625,-1.0053285
12.328078,-0.98665357
13.218492,-0.4924191
13.000887,-2.0691972
12.503831,-1.3561049
13.583779,-1.4654324
12.970431,-0.18308245
13.10545,-1.4486371
12.441644,-1.2588159
13.78805,-1.67735
13.282372,-1.9859198
12.537079,0.10950728
12.731147,-0.03581874
12.840011,-0.9500907
12.740445,0.14955658
13.489751,-1.1620857
12.84294,-1.9078493
12.565115,0.032983456
13.770412,-1.100798
12.949654,-1.4556203
12.842645,-0.6454127
12.672461,0.46515203
12.911248,-2.0469325
13.0532875,-0.760831
12.770029,0.034964997
13.150373,-0.28507078
13.802971,-1.2765733
13.892414,-1.4456735
13.255254,-1.5707858
12.334211,-1.5725213
13.572824,-1.5651838
12.927895,-0.6819718
12.959816,-0.9752371
13.610467,-1.5051591
12.342015,-1.8579072
12.435697,-0.9946088
13.940126,-1.6680979
13.638457,-2.0595646
12.611989,-1.5567861
12.413104,-1.8445803
12.495295,-1.7618401
12.447559,-0.6454909
12.760512,-1.425792
12.50079,0.15985204
12.559116,1.1181374
12.710477,-2.0856209
12.428066,-1.9007927
10.103218,4.865057
12.924108,-1.131461
13.905614,-1.6490555
13.820348,-1.2557434
12.78712,-1.6093848
12.756775,-0.89399093
13.317806,-1.3066831
12.272549,-0.6568436
12.724349,-0.8553349
12.838475,-0.3411912
10.097255,4.8585167
12.6871805,-2.0141475
-5.5559163,0.5276411
13.589217,-2.0649223
13.174688,-1.6358676
13.332621,-0.62805986
13.52862,-2.1255524
13.556385,-2.175048
12.671333,-0.82090896
12.681127,-2.2249517
13.053488,-0.97689956
12.825196,-0.8544118
12.913795,-2.021415
12.974991,-2.349569
13.280406,-1.8096948
13.772975,-1.4765933
12.559652,-1.9718734
12.212642,-0.7408811
12.914536,-0.03246699
13.523681,-0.6864729
13.042532,-1.203234
13.0689335,-2.0099895
13.687645,-1.4808521
10.095203,4.86853
13.094345,-1.3312005
12.222948,-1.0509201
12.90837,-0.7249478
13.108209,-0.8248493
13.494947,-2.1115232
12.99791,-0.7761364
12.438584,-1.1158817
12.814512,-0.088683054
12.256831,-0.772278
12.757305,0.50043947
12.660871,0.79065144
12.938322,-1.8121346
12.404704,-0.51719
13.2207775,-0.77847147
13.848943,-1.9063663
12.294019,-0.80415994
12.638879,-0.320642
12.440684,1.3818957
12.834537,-1.9442856
13.13762,-0.83078116
13.548471,-1.6362137
12.574977,-2.384394
-0.573635,-1.1702405
12.952885,-1.0673691
12.423468,-2.0548284
13.780499,-1.8674982
13.348068,-2.1027067
13.80045,-1.172534
13.92423,-1.7745862
13.252745,-0.50150764
12.440097,1.3596977
12.4391775,1.3879982
12.904177,-1.0118383
12.625469,-2.1540005
13.081868,-1.6137513
13.097072,-2.1271808
12.661876,-2.2717204
13.2223215,-1.086857
13.785467,-1.4342852
12.444794,1.3725234
12.304805,-0.900979
-1.5437925,-1.5018169
-2.3214717,-0.9689177
2.5344949,-3.9878495
0.28327084,-1.2091736
2.9818287,-3.5573256
0.28886974,-1.37132
-2.2890806,-1.1563287
-0.8703908,-1.6654578
-1.8452514,-1.4647113
-1.7261846,-1.4019914
0.57359457,-1.5688486
0.5287981,-1.1471001
0.2941279,-3.4052074
-2.6300035,-0.8386654
-0.8076548,-1.3691553
-0.67127925,-0.745631
1.6338674,-5.6311183
1.1122396,-1.0686789
0.4338625,-3.755547
0.11211741,-0.83672094
1.3533875,-1.1802734
-2.4131858,-0.8931416
1.9619132,-4.352563
0.14018469,-2.7342877
1.8034265,-2.9661784
1.5117469,-1.3765844
0.12111439,-3.3421092
1.5436002,-2.0403588
-0.24054559,-0.91653484
-0.70446426,-1.2953267
-2.278997,-1.3704296
2.6748028,-3.6107845
0.9562366,-5.0300655
-2.0082116,-1.6927395
-0.14638741,-1.1319733
0.7446505,-1.0615227
-0.7276913,-0.8680297
-1.62661,-1.6451036
-0.696207,-1.0964243
0.7110935,-3.40923
1.0559795,-2.2916274
1.05471,-3.0016336
-1.7962986,-1.2631837
0.22619542,-1.9287921
-2.39714,-1.3218474
-2.0557153,-1.8418803
0.464908,-1.96952
-1.7537351,-1.2746853
-1.8258213,-1.5226511
0.8149855,-4.1618886
1.8501294,-2.3808944
-1.8138174,-1.1246742
0.5413854,-0.980547
-2.3510165,-1.2557294
-0.4965474,-0.9865389
-0.37061095,-1.4234451
0.838413,-4.928917
-0.6948762,-1.1036181
-2.3788853,-1.4494771
-0.26814175,-1.2704667
-2.2717724,-1.1031114
0.33911058,-0.99799967
1.1234567,-1.460786
-0.9809003,-2.5474663
-0.4351214,-1.342476
0.12699339,-1.0557063
3.1864645,-3.2953508
0.12358279,-3.8652465
0.81739897,-0.9997515
-0.07144606,-1.1276224
1.9145045,-2.755257
-1.9726428,-1.9083647
1.0921646,-5.130929
0.29724202,-2.0473697
0.7819802,-4.606139
1.5106639,-3.106408
-2.3448517,-1.139874
2.1166546,-4.3620605
2.4768724,-4.0600157
0.5363886,-1.1669502
1.6134235,-4.5172033
1.5881486,-3.5391557
-2.177539,-1.5648896
-1.74417,-1.5469285
-1.9297037,-1.5998921
1.5420537,-2.1972857
-0.3387885,-1.2541959
-1.1760372,-1.2357668
-2.1094532,-1.6682643
-1.2251217,-1.4198956
-0.2748821,-1.4127588
-0.20475288,-2.1160831
0.641172,-1.5213087
2.4273305,-4.471057
-0.5424243,-0.7150182
-0.37081984,-0.90618384
-0.21659096,-1.8341627
-0.0072363596,-0.8929864
1.405052,-1.7157872
-2.2024956,-1.4184772
-0.38260564,-0.9994061
-2.11198,-1.2240924
1.1649657,-2.9472942
-1.5493966,-2.1380405
-1.4138474,-2.2038226
1.1052285,-3.447394
0.9224726,-3.623226
-0.085756086,-1.0940114
-2.2170079,-1.3567331
-0.72331333,-1.209681
-1.5261632,-1.021202
-1.6833428,-1.2157487
0.7281493,-1.2454691
0.94833815,-3.8017914
-0.4436666,-0.6517057
-2.215787,-1.2713852
-2.0303721,-1.7654239
-2.088217,-1.438958
-0.2382073,-1.8666925
0.3046656,-2.113654
1.2536694,-1.9346834
0.46126506,-4.0400934
-0.4155746,-0.91517836
0.20375338,-3.1259775
-0.7334031,-1.0459759
-2.0399296,-1.7841067
-1.6016333,-1.7208666
1.4234672,-1.5782447
1.1309752,-4.3513865
-1.0397024,-1.6305369
-1.9173994,-1.5393225
1.3158188,-1.1046644
0.7216641,-3.005321
-2.238328,-1.2211223
0.62351406,-0.93670976
0.7510765,-0.8607916
-0.31744158,-0.6442158
-0.35297453,-0.9656352
0.9243561,-0.9068245
-1.8383589,-1.9836786
-2.0044346,-1.4842397
-2.1231804,-1.2024951
-1.832024,-1.196234
-1.6333988,-1.9981086
1.3809686,-1.7284826
-1.2130275,-1.9418067
-1.7914796,-1.5628489
1.492544,-1.634955
1.1155511,-0.99673295
1.0196952,-1.3796684
1.0076468,-4.663446
0.42282605,-3.3968892
-1.1168085,-1.4548078
0.3736922,-0.89648485
0.5029474,-1.962312
1.3759948,-5.179739
-2.0540335,-1.2211772
0.53367704,-1.8140177
3.0339124,-3.0252483
-1.0187654,-1.4493507
1.1306697,-1.8372716
0.21945842,-4.082885
0.22512305,-3.116652
2.6033194,-4.0905414
0.80792737,-2.2095563
1.0509617,-1.6313121
0.4835867,-1.5940402
0.52050143,-0.92579436
-1.8596461,-1.8492445
0.89996195,-1.25819
0.8405891,-2.2592506
0.78759956,-2.307346
1.188731,-5.025015
-2.01856,-0.9700944
0.95972633,-4.3903346
0.15980545,-3.924386
2.325684,-3.6587493
-1.6592903,-1.5573668
-1.8363268,-0.9878014
0.1446478,-2.1861763
1.6076039,-5.5061064
-1.3791707,-2.2951362
-0.51047546,-0.63590896
-2.2766547,-1.3387372
-1.0387273,-1.5238954
0.6291456,-1.1601264
1.8241643,-3.1913114
-2.2095535,-1.3336395
-0.3574354,-1.361908
-1.3677021,-1.2487574
-2.4660988,-1.2635542
-2.057824,-1.7861562
0.7930264,-1.1065251
-1.8540412,-1.4424313
1.5851697,-2.7607226
-1.6290772,-1.1941483
0.42188424,-1.3198316
0.10773766,-1.3464048
0.8726298,-5.130826
0.9439522,-2.9534597
1.0137415,-1.2916694
1.7345784,-2.1958616
0.092426255,-3.1745346
-1.8454567,-1.9990722
-1.8891283,-2.0305905
-0.01475142,-1.5091065
0.69685143,-0.8203883
1.5948354,-4.7596765
-1.0808533,-1.4768779
1.0071297,-1.5386547
2.6354969,-3.7612128
0.6416545,-4.5523887
3.003497,-2.9840353
0.3474594,-2.1617968
0.46510243,-2.9051535
0.44014284,-3.961395
2.2285523,-3.631791
-0.14445527,-2.3649442
-1.8121446,-1.4191805
-1.5158944,-1.0205632
2.2950892,-2.7418365
1.6544508,-1.399005
0.20747185,-1.3161867
-2.2434258,-1.3931648
0.7604851,-1.5118518
-0.44547886,-0.62494653
-2.3631299,-1.0199962
1.083691,-3.1967928
2.9598625,-3.5072737
-2.3625436,-1.37322
-1.8076985,-1.4531883
1.2422736,-2.05222
-2.0511749,-1.5444108
-0.3595545,-2.6643355
0.23620602,-2.5106137
0.9025296,-0.9079248
1.0384557,-3.4816673
-1.2951972,-2.3642755
0.6772516,-1.3431997
-2.2807097,-0.85995066
-1.6737566,-1.3960862
-0.16270977,-2.2961571
2.8557606,-3.4368293
-1.7632637,-1.9166918
0.87211627,-0.80703384
-2.0054948,-1.7427537
-0.07085854,-2.170237
1.3842342,-1.7416588
1.716956,-1.6863364
-2.4874036,-1.1902988
0.97478515,-1.0186635
0.38075563,-4.638333
1.3293527,-3.7023895
1.4382861,-5.1911225
0.035453767,-2.3829992
2.4408937,-4.1018653
1.4944648,-1.7378054
-2.1841679,-1.0595034
0.592343,-2.6285355
-0.13331406,-1.7807544
-0.1816201,-1.182665
-1.0019163,-1.500357
0.47605547,-1.7133781
0.9046663,-3.1418846
-2.5139706,-1.2295973
0.70863795,-1.6228666
-1.9059714,-1.4242678
2.3767114,-2.4297037
1.4658425,-5.342765
0.6448318,-3.2966049
-2.4004815,-0.99412775
0.49143487,-4.419276
0.42086852,-2.4485314
-1.8628397,-1.9799104
1.0457988,-2.529428
1.0499686,-1.0004786
-2.0153,-1.1854348
0.63730675,-2.833934
-2.048854,-1.8541797
0.8768696,-1.6189747
1.0552707,-0.9432047
0.9811563,-2.353808
0.6845801,-0.86313593
1.6465597,-5.5404835
-2.0313768,-1.2973659
-0.8561433,-2.290095
-0.15403016,-2.1450937
-1.75059,-1.2406155
0.0017819431,-0.99802643
0.3543682,-1.4315082
-1.5447825,-1.3786575
0.7770195,-1.0460066
2.0768335,-2.9899652
0.0071694506,-2.6383688
1.7050217,-4.295677
-2.4279926,-1.260272
0.3435277,-1.6459545
2.777165,-3.50267
-0.02594043,-2.7594962
0.9457746,-1.9937102
0.8481994,-1.1466302
2.5184515,-3.848183
-0.8287452,-1.0838146
-0.16039917,-0.9400616
0.5129308,-4.72845
1.5760655,-5.5252995
0.106961615,-0.77072126
0.88504004,-4.3863244
0.3220851,-0.9100148
2.9257872,-2.9159617
-2.1845777,-1.247017
-0.48031858,-1.6072571
-1.4032891,-2.2454994
0.92806923,-4.469554
-2.2037294,-1.2443306
1.3467883,-3.205315
0.4361675,-1.629539
-2.007136,-1.3004254
0.18307798,-2.9374716
-1.6378517,-1.1102706
0.32071534,-1.3410211
2.4045208,-2.2630284
-0.68991524,-2.0801842
2.9524791,-3.1342595
2.9945717,-3.1884751
1.5657883,-5.629787
1.258399,-1.509348
-2.1063406,-1.4663159
0.2349673,-1.2466788
1.5954869,-1.4385158
0.980038,-2.757752
1.0051827,-2.624934
-0.596908,-1.4764268
3.0026753,-3.5676937
-0.4117042,-1.2413472
-2.087802,-1.0362731
-1.7088244,-1.5160136
1.5763915,-5.6026835
-2.0857406,-1.8199654
-2.1233575,-1.0706958
1.9814416,-2.9538713
-1.9325058,-1.0750948
0.50629574,-4.305108
-0.046013393,-0.6327047
1.1837057,-3.6543736
0.0643834,-3.4002218
0.11109983,-3.7795212
-1.7867192,-1.440471
1.661555,-3.5066752
0.7384467,-0.99018615
0.5923569,-4.480726
-0.25987208,-1.6953561
1.0702412,-4.957531
0.64267725,-0.8166471
2.8280804,-4.648891
1.3635253,-2.893988
1.100615,-3.908621
-7.6723475,2.0221615
0.0504283,-3.4616673
-0.36778146,-1.7451633
1.8195988,-3.2502573
0.9978466,-1.5561147
1.4577469,-5.246159
0.225001,-1.8495162
0.666756,-2.7827811
1.513052,-2.827211
1.7796355,-3.0858366
-0.06863219,-1.2389317
1.0001929,-1.5096102
-1.553298,-1.989222
-2.2621233,-1.4635719
0.8426043,-3.3756595
1.0477546,-1.5238303
0.16297756,-1.2938179
-0.24799226,-1.1170092
1.562914,-3.8001866
0.277939,-2.2238057
1.5715961,-1.4616845
2.868357,-3.370758
-0.85821146,-1.4127277
-0.0838411,-2.066783
0.7492834,-0.83690834
0.07333353,-3.4752612
-2.3364716,-0.96513623
0.86317116,-1.4193271
-0.39926863,-1.2555319
1.1198475,-1.1338885
-1.2267462,-1.4562081
-0.67110515,-1.0854024
0.04305659,-0.62005913
-1.8059793,-1.8575336
0.06740966,-1.2343812
1.5134743,-3.7948818
-0.96167624,-1.572395
0.18632099,-4.5821285
-6.069356,0.78794557
0.8787559,-0.8492142
-2.0630898,-1.1169746
-2.3288128,-0.99290067
1.1417981,-2.5932648
-1.7515279,-1.7972313
-2.1830914,-1.3023831
-2.2185545,-1.4206074
-1.7482471,-1.297274
2.3823166,-2.1877143
-1.8092966,-1.0242798
0.4189372,-4.6286044
-2.332702,-1.0526463
0.80108,-1.810712
0.89215064,-0.83666223
-1.6985837,-1.5924565
-0.5175299,-0.6740939
1.5945837,-1.4298346
0.83747417,-0.99353486
-0.7986367,-1.5719466
0.20506632,-3.4616132
0.43057832,-1.6366105
-1.9379027,-0.87434816
-1.5480071,-1.5220324
-2.4893994,-0.9986247
0.84314686,-1.0070122
0.031491753,-3.5126426
-1.845082,-1.2901771
0.20921731,-4.670951
-0.016358605,-2.740259
-1.8929954,-1.2954388
-1.8477018,-1.6511006
-1.887054,-1.8490529
1.6902725,-1.6209364
0.11155145,-2.2809842
0.7729484,-1.6355537
-0.30517,-0.6358449
1.9099406,-3.4213643
0.893257,-0.88322353
-2.1167152,-1.8044459
0.1026162,-1.328381
-0.019992748,-1.944497
1.8058773,-4.9770823
-1.8654963,-1.7071368
-1.8537608,-1.6055248
-1.9094604,-0.9765598
-2.292048,-1.1329377
-0.0333,-2.199508
-0.5957457,-0.95758003
0.061336473,-2.0141637
0.11855001,-1.3170468
-1.94129,-1.0543553
-1.6456028,-1.0979749
-2.0054677,-1.1920642
0.3570087,-2.191888
-1.6790859,-1.8562344
2.64908,-4.5814714
-6.7133636,2.1781485
0.7744507,-1.2831227
-2.0586035,-1.2291473
1.0228739,-1.4920585
-0.58275735,-0.834631
0.85148686,-0.8802907
1.482912,-2.94179
-1.7241579,-1.4310364
0.39195213,-0.6516709
1.9521188,-2.9599833
1.2086387,-2.9607508
-2.0772595,-1.4625854
0.40649173,-2.3225436
-1.519547,-1.4350129
-2.3895252,-0.9836044
0.38202015,-3.228017
-0.18218903,-2.0824206
1.5810548,-3.0472558
-1.755201,-1.0912827
0.77370614,-1.1733832
-0.035807617,-2.3555124
3.37325,-3.717703
0.77344865,-3.1416068
-1.7532041,-2.0632102
-2.2205691,-1.3956074
0.50212395,-2.9364092
-0.01203198,-1.2227962
0.4657165,-0.9947234
1.3626655,-1.5506258
-0.9874566,-1.3111773
1.8418883,-2.6219106
0.39061227,-4.096328
-0.6421793,-1.4102002
0.5044278,-4.442806
0.6511505,-2.1778514
0.26509017,-2.3389463
-0.60922444,-2.152492
-1.5647486,-1.540796
-1.1923981,-1.3989807
0.7208009,-1.3107527
-1.9220967,-1.6888301
-2.1084259,-1.1087663
1.9696643,-4.4866295
1.5708236,-1.4917291
1.6137033,-5.6485124
1.9482183,-4.6673436
2.666589,-3.6927018
-1.7576197,-1.3968047
-0.12380982,-0.9398176
2.0191023,-5.314917
0.7899714,-4.3174953
0.33063996,-2.4707975
0.59455574,-4.774378
1.852783,-2.9260457
0.5688004,-2.4286044
-0.16068597,-0.76528245
-0.40511572,-1.0999547
0.20440373,-2.034451
1.620394,-4.900303
1.2879045,-3.754023
1.5656674,-3.2857957
1.7670218,-4.65667
2.463173,-3.8886046
-0.059698623,-0.9201044
3.3404782,-3.7940865
-1.9705938,-1.524665
-0.49995196,-2.2930658
-1.5464569,-1.3878403
1.6195608,-1.4052658
0.7748104,-4.466175
-0.119320616,-1.8606542
-1.5186212,-0.90133625
-2.2211323,-0.959799
0.6146819,-1.3454851
2.2993252,-5.114419
1.1406058,-5.243179
1.0812453,-2.1513896
1.7849734,-3.2590444
-0.014427133,-0.9257628
1.8775309,-4.666408
0.7021044,-5.012709
1.4074576,-4.2906947
-0.51267374,-0.7170824
0.07245946,-1.6660773
1.7799687,-4.9672456
1.203793,-2.990141
1.1756808,-1.3158705
1.5528339,-3.5906475
-0.7144729,-0.68633616
1.1964245,-4.606014
1.0569005,-1.5580125
1.373365,-2.1430051
1.1724932,-4.409774
1.4453177,-1.5710521
0.58462244,-4.793525
-0.29551607,-1.6673132
-0.07601362,-1.2819991
1.0559886,-3.9785337
1.114107,-3.9430797
2.6771052,-3.3318908
2.073809,-4.7382064
1.444357,-2.314517
0.44490153,-4.0196986
0.65950423,-4.7475257
-0.64428866,-0.7833217
0.3341955,-1.6588997
1.4671565,-4.26697
2.4459422,-3.6142917
1.5134608,-2.8802564
-0.0318164,-2.200807
0.6028093,-3.134946
2.5928552,-4.7755632
-0.28318998,-1.0045474
1.3157727,-1.6143413
1.9224734,-3.4005437
-0.3626599,-0.89038557
1.73951,-4.800741
0.006795057,-0.9368287
2.126795,-4.3061595
0.3478264,-1.8028256
2.4720712,-4.235743
0.80080086,-4.719817
0.8224732,-5.0447397
0.79673463,-2.645451
1.2863823,-4.0477705
-8.237428,3.0228312
0.45139435,-1.1681799
0.6235324,-2.8495054
0.23679437,-2.519662
0.46886495,-0.740667
2.0362046,-4.404052
-0.34172252,-2.2792192
2.3056655,-4.2608743
0.65720475,-1.368918
1.8976984,-3.3254805
-0.18013738,-1.9424733
1.9684205,-4.262537
1.1616521,-3.8920538
2.089066,-5.3630486
2.00407,-3.5583208
-0.817047,-2.083862
2.2406325,-5.377383
1.5291637,-4.779797
0.29133406,-2.142398
1.1025758,-1.8507439
1.0483882,-2.593327
-0.41966003,-0.81103116
0.18979593,-4.014783
0.31077084,-2.1983104
0.23958431,-3.4313567
-1.928414,-1.0841408
1.0385497,-4.265068
-0.10052332,-0.95089895
1.5456812,-5.385928
-0.22479185,-1.4862257
0.42976487,-1.6720039
0.5313198,-2.8092432
0.6542765,-1.6709821
0.52209496,-1.136211
0.54808277,-4.4492965
0.85248494,-4.9538655
-0.27007815,-1.2460284
-0.8883704,-1.4731101
-1.0404816,-1.4835238
-0.27506447,-2.2670312
2.998417,-4.3613834
1.2367594,-3.9633503
1.5497282,-1.7130206
0.4879701,-1.7645745
0.2510952,-4.126521
1.2940837,-5.479015
-0.34795195,-1.4687797
1.2149051,-3.6810677
2.180478,-5.137832
0.02243132,-1.1672434
-8.398557,4.083606
0.33273906,-3.0638492
-2.148998,-1.5165292
0.5975949,-0.9687551
0.9077823,-3.2561245
1.240374,-1.8042036
0.46826866,-1.6651285
2.3005989,-2.4009175
2.1096208,-4.705532
2.3487117,-3.6356754
1.4161128,-3.832711
1.4793054,-4.0080047
1.0637026,-2.8940942
1.6740408,-4.044725
-0.02493588,-1.9436632
2.429738,-3.222529
-0.88855577,-0.89520735
-0.14162286,-2.2411058
1.5172188,-4.2204013
-0.23075114,-0.9224571
-0.045952816,-0.9383658
0.9309636,-1.4797322
1.868723,-4.4926095
1.1679623,-3.5533779
1.5726336,-3.3965585
-0.40836683,-0.89212483
1.5706561,-5.302169
-1.3765072,-1.938752
-0.6294262,-0.97169775
-0.34625825,-0.93884075
1.2136716,-1.6555566
-0.4440454,-1.598995
0.7685263,-4.576699
0.65955263,-2.2647347
-0.67354184,-1.4704839
2.2834709,-4.435408
1.5188285,-4.9298754
1.8679098,-4.665544
1.0748452,-1.32983
1.9142057,-4.7857523
0.054366805,-1.2429147
1.4356223,-1.518672
2.0751452,-4.0582747
2.0849395,-4.4235373
-0.09886463,-1.1110044
1.4026359,-4.1214476
0.09626377,-1.0351338
1.7737346,-4.2148156
1.12589,-1.6729989
0.06631644,-1.509805
-0.057297666,-0.9270112
0.6158154,-1.3382896
0.30397755,-1.2097267
0.9389898,-3.6705062
0.022986243,-1.1007006
0.3636884,-2.7000005
0.31814373,-1.974198
-1.9830585,-1.0089175
0.34557605,-1.0655066
1.9011432,-3.3518364
0.10896426,-0.6127904
1.1059548,-4.6634393
0.0578422,-1.976247
0.5508481,-4.8638678
1.6595811,-3.5901651
2.071656,-4.325501
1.0820369,-4.5375843
1.0082611,-2.7446182
0.6167115,-1.3267026
0.7183529,-0.89816993
-0.007387802,-0.8800198
0.9761765,-5.1912446
1.1357613,-5.107965
-0.931043,-1.3699391
1.977815,-5.3935113
0.71928436,-2.0775127
0.8308728,-3.986458
0.7168609,-4.7453585
0.5787954,-4.5123367
2.0841634,-3.2565775
1.0433111,-4.8398194
1.5558057,-4.997816
0.7485341,-1.5619782
-0.72174114,-0.72883445
1.0988698,-5.090003
0.37290597,-1.6856477
1.0887157,-3.0794952
0.433068,-3.8026423
0.28113458,-0.6726585
0.3030076,-1.0970056
0.96335477,-3.8113194
1.497472,-3.47727
2.9549613,-4.4110975
-0.9898353,-1.4934611
0.024894778,-2.1957264
0.59189945,-2.9996724
-1.8013078,-1.4182231
-0.23007035,-2.088949
0.13318208,-2.9716837
-0.1277503,-2.1019013
1.2637728,-3.6407528
1.4892459,-4.68611
2.0004244,-5.57676
2.9556277,-3.8546655
-1.1252681,-1.5099875
0.075697124,-0.8529604
-2.3435042,-1.5702529
1.694367,-4.703335
0.69834644,-2.9205215
0.6028664,-4.7877917
1.795178,-2.9331887
-2.1213305,-1.3073597
-2.1320977,-1.2830396
2.317079,-3.8171096
3.2580478,-3.8287995
0.26313764,-2.7935019
0.11750452,-3.1412902
0.69549507,-1.6501807
2.55274,-4.839657
1.7244657,-3.3817062
0.43163678,-4.7205195
2.0707345,-5.252536
0.4023809,-1.2986408
0.88367677,-0.91094744
0.4570247,-4.6231027
1.481932,-4.2995057
0.85734665,-4.2624397
0.5239876,-2.8563457
0.84564644,-5.1268053
1.923239,-3.5769231
0.3676732,-1.1429816
0.2930656,-2.1308942
0.12548397,-3.4861312
-0.5438352,-1.4806933
1.5807099,-3.4684227
-2.1486483,-0.9476642
10.093314,4.8472686
0.046662554,-1.7790687
1.6877836,-3.2909265
0.6623495,-1.5273746
0.61204726,-4.667456
1.6159688,-4.190823
1.7019567,-3.663093
-1.8535467,-1.2952442
1.6244835,-5.1391516
0.48573947,-4.0278597
1.0467426,-3.8926208
0.6029092,-1.4060314
0.5812838,-4.725075
1.9140906,-5.574941
0.6910612,-1.2683033
0.5011917,-1.2324228
-0.433662,-1.7670153
2.478762,-3.8913555
1.19523,-3.9151511
0.5358642,-2.4695847
1.8607032,-3.8028347
0.24000205,-2.068163
-0.1597173,-1.9843528
1.1672559,-1.6346266
0.49681097,-1.7225673
-2.2772634,-0.9524963
0.5823107,-0.83319813
-0.7804275,-1.6869665
-0.5051698,-0.7215188
2.3136494,-3.6995726
1.455995,-1.5818336
0.4325575,-4.6020937
1.3319956,-3.294191
0.43416658,-2.8122995
-0.18528695,-1.9491897
0.5160182,-4.785626
0.9950589,-4.1477118
1.9526517,-4.2246747
2.4124033,-4.913558
0.28630635,-1.6587429
0.25163838,-2.1595078
-1.590269,-1.7845144
1.186892,-4.4073367
2.3348818,-5.038586
-1.7336524,-1.4891706
1.0016524,-1.4421115
2.1039028,-3.5851898
0.79872,-3.5225968
1.1512083,-3.7330477
0.4305876,-2.3447154
1.7584721,-5.2451963
0.7695685,-3.643156
1.8960001,-3.4292586
2.0730376,-5.5215983
1.2425424,-1.7113132
0.32730603,-1.7085323
1.3362868,-3.4022005
0.5040235,-2.5332062
1.6174011,-4.139804
1.1679862,-2.0845993
2.3328865,-3.7740333
-10.576948,-8.588889
2.5551016,-4.4110103
0.013530553,-0.9107691
1.2866149,-3.781981
1.006096,-1.5938119
0.7568714,-1.0744638
1.8319254,-3.7262862
-1.952664,-0.98059475
2.1108613,-3.619222
0.8896546,-4.93497
2.6609023,-3.836939
2.207721,-5.226023
1.750439,-3.0974903
0.11464368,-2.049521
1.3714753,-3.4633873
1.2970486,-1.5481017
0.5037176,-2.8887944
0.90393585,-4.195837
-0.9532095,-1.4035757
0.46840772,-4.6597447
0.8362973,-1.8498948
1.9948795,-4.422843
2.04182,-2.9103916
2.469664,-3.4260616
0.30157286,-1.5442128
0.49638006,-0.967956
0.7275909,-4.8187695
0.5561231,-5.0010786
1.6471207,-4.349218
1.1577827,-3.320697
2.636372,-4.414542
-0.2506967,-1.9792356
2.140221,-5.263198
1.8685639,-4.041098
0.01648286,-2.0794396
2.0018396,-4.3085938
1.4425836,-5.3870583
0.6261208,-4.458002
-0.18035372,-0.92993873
1.7154223,-2.9280026
-0.4349127,-0.95773816
-1.5123923,-1.1128352
2.227493,-5.165734
1.1088352,-1.391903
1.0545902,-1.6218919
2.746353,-4.6381645
2.0531633,-5.283355
-0.0044879643,-1.0534219
2.3354447,-4.942557
1.4457886,-5.051014
1.8524153,-4.9843307
1.0743886,-2.7707078
2.1274724,-4.6689296
1.4712687,-3.286414
-0.04022189,-0.90424997
1.0608859,-0.95825523
1.1855965,-1.7714078
1.3837495,-4.9150763
1.3450054,-4.01892
0.53290904,-1.7288691
1.7590145,-5.556151
2.6667655,-4.2395186
-0.010446733,-0.9433407
-0.11414117,-1.4261136
2.4295561,-3.7232094
-0.05718639,-1.9904282
0.74423456,-1.7360048
1.8167048,-5.510115
0.90869915,-5.204926
-8.918487,-9.879554
-8.8660345,-9.897833
-8.937859,-9.420042
-10.408473,-8.859905
-8.654652,-9.64596
-8.813254,-8.753121
-8.084335,-9.334097
-8.779203,-9.151112
-10.081933,-9.054205
-10.523775,-8.717099
-8.340695,-8.952523
-9.404231,-8.711506
-7.4036145,2.679688
-7.40222,-9.502311
-9.542252,-10.155175
-9.936931,-9.217628
-9.131202,-8.818736
-10.325278,-9.168338
-7.3585362,-9.626772
-9.176715,-10.105728
-9.741011,-9.626975
-9.18202,-10.139098
-8.161726,-9.814271
-7.9193273,-10.099586
-9.541608,-9.237284
-8.0358305,-10.02281
-10.418478,-8.54479
-8.395309,-9.871294
-8.999143,-9.798943
-9.97006,-8.908879
-9.767019,-9.714416
-9.470958,-10.249703
-7.8828797,-9.828877
-9.09415,-9.36229
-9.189419,-9.439677
-9.697414,-9.189407
-9.819713,-8.782237
-9.724122,-8.556167
-7.892254,-10.030669
-10.179818,-8.771752
-8.700892,-9.916242
-9.102738,-9.998496
-9.662018,-8.944243
-10.167738,-8.85189
-10.654503,-8.517235
-7.532906,-9.88986
-9.988703,-8.550385
-10.188603,-8.608259
-10.226288,-8.460737
-7.694548,-10.035548
-7.590518,-9.561382
-7.361691,-9.62867
-8.038981,-9.380743
-8.930856,-8.707196
-10.304247,-8.682032
-9.565042,-9.486
-10.478851,-8.8209505
-8.162057,-9.728203
-9.976408,-9.254275
-9.572436,-9.404774
-10.350518,-9.133396
-9.820447,-9.017925
-7.9576373,-10.174169
-9.865521,-9.0223055
-9.928495,-8.508702
-8.364751,-8.952195
-9.333549,-9.01018
-8.369724,-9.32029
-9.149692,-10.099985
-8.359283,-9.483589
-9.770852,-9.6722
-9.547645,-9.236385
-7.841914,-10.029902
-8.988813,-8.670018
-7.91176,-9.399527
-8.011397,-9.922805
-9.845993,-8.521045
-8.905163,-9.492871
-10.298302,-8.903882
-9.5721245,-9.429391
-10.160442,-9.001062
-8.356026,-9.492973
-9.975664,-8.476247
-8.47423,-9.825125
-10.308647,-8.985942
-8.217024,-9.340505
-7.3904953,-9.573216
-9.478055,-9.855288
-8.334726,-8.868278
-8.102642,-9.453972
-7.9263244,-9.28613
-8.188776,-9.12337
-9.632934,-9.17543
-8.464667,-9.464435
-10.010306,-9.161424
-8.759967,-9.79751
-9.1260195,-9.404191
-8.032181,-9.438797
-7.410463,-9.778625
-7.9763713,-9.910528
-9.368603,-8.845125
-9.398404,-9.353165
-10.230009,-8.423579
-9.004952,-8.632744
-9.416646,-9.156175
-9.086863,-10.176188
-10.619787,-8.525306
-9.202837,-8.659272
-10.42978,-8.602936
-8.5763035,-9.215565
-9.547476,-8.869567
-8.524325,-8.7633295
-9.862507,-9.140679
-9.534828,-9.2180605
-9.283515,-9.346699
-9.709159,-9.173768
-9.042079,-9.172199
-7.4017625,-9.748295
-10.110375,-9.049835
-9.054875,-9.464155
-8.973367,-8.97642
-8.279335,-9.349793
-8.209241,-9.197231
-8.840777,-9.24057
-8.269172,-9.461105
-8.719746,-9.181828
-8.158338,-9.251984
-9.684579,-8.7883215
-10.028695,-8.561098
-9.575296,-8.587028
-7.7035894,-9.469579
-10.512925,-8.855905
-8.798478,-10.268471
-8.600792,-10.057864
-10.594217,-8.871879
-10.350406,-8.428061
-9.829443,-8.730017
-9.880986,-8.847651
-7.2935205,-9.648812
-10.63596,-8.315627
-8.841736,-8.721749
-9.367859,-8.609989
-9.904368,-8.89268
-10.076462,-9.201907
-8.038582,-9.824976
-9.423015,-8.572186
-8.215519,-9.908902
-9.741087,-8.4079
-8.084809,-9.162774
-10.46206,-8.835182
-9.903292,-9.125055
-10.46794,-8.678619
-10.241623,-9.272379
-9.352379,-8.513322
-9.00729,-8.652304
-7.3054986,-9.6847925
-9.145679,-8.763133
-7.902367,-9.339671
-8.355652,-9.052687
-9.995916,-8.546882
-7.979039,-10.103797
-7.718538,-9.3846655
-10.265046,-9.013388
-9.944534,-8.5470085
-8.660856,-9.14151
-7.893399,-10.052269
-9.363769,-8.631255
-7.583013,-9.476147
-8.010358,-10.053402
-7.390203,-9.738839
-10.658627,-8.270825
-10.506543,-8.4278965
-9.443131,-8.6934805
-10.12569,-8.453894
-8.50397,-8.99629
-7.5078907,-9.561601
-8.62625,-9.632174
-8.82505,-9.634194
-7.359032,-9.697212
-9.803631,-9.205403
-9.459808,-9.223256
-9.15783,-9.975888
-9.135089,-10.1109295
-8.315233,-9.869119
-7.431445,-9.797321
-8.939833,-9.76777
-8.903034,-9.126503
-8.9239235,-9.144885
-7.9094024,-10.048649
-10.583088,-8.656093
-8.865229,-9.746555
-7.92489,-10.115902
-9.027563,-8.964525
-9.261306,-8.735471
-8.6477375,-10.026376
-9.504956,-8.897501
-8.694908,-10.271514
-8.122177,-9.373624
-9.392521,-9.954263
-8.050715,-9.286648
-9.108132,-9.741956
-8.01778,-9.290732
-8.834968,-10.118144
-8.905488,-9.949464
-8.801859,-9.987706
-7.7318316,-10.1434145
-8.086624,-9.644231
-9.359537,-8.575643
-8.744058,-9.793086
-8.634441,-9.402794
-8.896684,-8.883527
-9.839084,-9.0692
-9.819161,-9.274509
-8.585626,-8.955672
-7.9887643,-10.102085
-9.409554,-9.564979
-8.488221,-9.933716
-8.339391,-8.956871
-9.356935,-9.615081
-10.553027,-8.368975
-9.987623,-9.112534
-8.073362,-9.38174
-9.078799,-10.147576
-9.053356,-9.968351
-9.04976,-9.859519
-9.349208,-8.835528
-8.178621,-10.266893
-8.944499,-8.801064
-8.871035,-8.687085
-8.665908,-10.21113
-10.536947,-8.7389765
-10.617897,-8.55878
-10.524448,-8.550037
-9.110299,-10.012784
-9.79359,-8.563777
-10.458907,-8.852011
-9.138821,-8.647982
-9.585124,-9.456484
-10.452687,-8.821157
-9.968305,-8.489029
-9.147794,-9.390561
-9.045468,-9.595938
-8.0899725,-9.289563
-7.5166225,-9.49645
-7.9298444,-9.314346
-7.925671,-10.113372
-9.165403,-10.034148
-9.600622,-9.412814
-10.537577,-8.408969
-9.649544,-9.052424
-9.937416,-8.719581
-9.142365,-8.683947
-10.075092,-9.013924
-7.4350977,-9.58755
-9.644121,-8.965649
-9.579311,-10.150522
-10.316085,-9.066328
-8.939233,-9.968966
-10.61976,-8.443937
-9.020125,-9.741009
-9.72767,-9.26316
-7.955856,-10.174785
-8.752848,-10.24691
-10.592788,-8.862496
-6.835353,6.5712886
-9.364966,-9.330543
-9.770705,-9.009866
-7.5196424,-9.652973
-7.4756165,-9.899366
-10.366436,-8.537033
-10.223266,-8.561665
-9.681324,-10.027597
-9.276799,-9.511836
-9.571501,-8.564207
-9.870681,-8.458629
-9.9740925,-8.441624
-9.640613,-8.374867
-8.790808,-9.17885
-7.9792514,-10.153041
-10.49463,-8.423205
-7.3815365,-9.813026
-7.974539,-10.097953
-8.791047,-9.3958845
-7.446095,-9.842653
-10.279527,-9.083925
-10.177988,-9.370471
-8.31072,-10.239679
-9.674901,-8.415612
-8.560646,-9.944955
-8.319124,-9.179088
-8.917623,-9.635931
-7.5771956,-10.005588
-9.533064,-10.198531
-10.169069,-9.3171625
-9.139225,-9.679576
-10.039948,-8.996596
-10.0406685,-9.090851
-8.250276,-9.203629
-10.192557,-9.358327
-8.975103,-9.145991
-9.373135,-9.082194
-10.363651,-9.114987
-10.50665,-8.680394
-9.159908,-8.698471
-8.288977,-9.550892
-10.040001,-9.312396
-7.3542013,-9.652217
-10.549654,-8.596417
-8.161231,-9.933526
-9.589199,-9.183138
-8.639259,-9.276418
-8.889949,-10.06758
-9.759566,-8.989407
-8.905711,-9.930442
-9.478926,-9.261105
-9.785904,-9.295413
-9.192505,-9.066099
-8.583724,-9.353278
-9.293778,-9.093275
-7.9403863,-10.095231
-9.307825,-9.159183
-9.69505,-9.334473
-10.156471,-9.364905
-10.4836645,-8.612279
-9.153884,-9.195977
-9.752004,-9.301664
-8.860867,-9.332236
-7.4854064,-9.507475
-9.153032,-8.630749
-9.225465,-9.303205
-9.712924,-9.339039
-9.111632,-9.207227
-8.808487,-8.91266
-8.903876,-9.935274
-9.029119,-9.168953
-8.9401655,-9.779923
-8.389185,-8.862843
-8.9302635,-8.697411
-8.258261,-9.792365
-9.576159,-10.08727
-9.561345,-8.677614
-10.637969,-8.63881
-10.3686075,-8.991558
-10.015069,-9.082634
-8.048232,-9.790499
-8.981044,-8.775486
-9.543375,-9.563819
-9.322988,-8.61197
-9.625686,-8.728892
-8.751444,-9.507888
-9.280586,-9.516484
-8.987874,-10.101229
-9.08228,-9.568706
-9.513341,-8.543016
-9.1137295,-9.26348
-9.176328,-8.907357
-9.389019,-9.732903
-8.304185,-9.226208
-8.008696,-10.038716
-10.267946,-8.649719
-8.707147,-9.146702
-8.787503,-9.296142
-8.276691,-8.939394
-6.464229,6.36805
-8.231054,-9.82547
-10.151419,-8.732423
-8.750936,-10.248453
-8.62621,-9.9673395
-10.633928,-8.521954
-9.851354,-9.65858
-7.990407,-10.181755
-10.43233,-8.658417
-8.16332,-10.01861
-10.57811,-8.864928
-9.725377,-9.897592
-9.502698,-8.465296
-8.241166,-9.849849
-7.29377,-9.743516
-8.683726,-9.893629
-9.3211,-8.671938
-6.727738,6.4000382
-9.127987,-9.416332
-8.719296,-8.801518
-8.969118,-9.608554
-10.231013,-8.780279
-7.5300097,2.9694843
-7.869944,-9.348744
-10.334765,-8.554856
-8.752955,-10.219879
-9.208654,-10.256567
-8.845531,-9.131742
-9.380226,-9.1231575
-9.105631,-9.524928
-7.5759068,-9.929451
-8.125704,-9.372266
-10.223287,-8.751598
-7.4578867,-9.838033
-9.076535,-10.110855
-10.137847,-9.066246
-8.9919615,-9.814111
-8.664028,-10.056008
-9.031165,-9.839558
-9.546291,-9.765465
-7.5107813,-9.485461
-8.742099,-9.146346
-9.491945,-9.480416
-9.742958,-9.393572
-9.775635,-8.421164
-9.973583,-8.421787
-9.447918,-9.018562
-9.339665,-9.059323
-9.320436,-9.440439
-9.309459,-9.510304
-9.482453,-10.231562
-8.317456,-9.935418
-9.534769,-8.467192
-7.600305,-9.404093
-9.921344,-9.474419
-9.578012,-8.675089
-8.55194,-10.022637
-9.42727,-9.322525
-9.084865,-9.164282
-7.8883367,-9.446111
-8.086284,-9.924046
-9.750744,-9.267839
-9.503465,-8.900456
-7.955239,-9.770677
-9.267306,-9.526251
-9.652437,-8.993813
-8.83179,-9.906287
-7.3058724,-9.633784
-7.324218,-9.713027
-10.123768,-9.456479
-9.474936,-10.270679
-8.295176,-9.889262
-9.427703,-8.744979
-9.805128,-8.294721
-10.264851,-8.620689
-8.826167,-9.208802
-9.369711,-10.295534
-9.037995,-8.64079
-9.510194,-8.930994
-8.747166,-10.095175
-7.991353,-9.319123
-9.007806,-9.963679
-9.705321,-8.644302
-9.295706,-8.942915
-9.491022,-8.576767
-8.862278,-10.110301
-7.683035,2.8980587
-8.345633,-9.365971
-9.999311,-8.79671
-8.360682,-9.400433
-7.3365016,-9.693984
-9.74072,-8.316767
-8.991164,-9.570948
-10.028277,-9.353779
-8.139374,-9.437672
-7.4564643,-9.674008
-7.6260166,-10.016827
-7.943502,-10.153031
-8.979799,-9.730535
-9.706495,-9.077825
-8.89735,-9.967326
-8.121398,-9.575462
-7.5200186,-9.6739025
-9.736108,-9.419938
-8.637771,-10.013691
-7.9924097,-9.314269
-9.854447,-8.570571
-9.154528,-9.880866
-9.803995,-8.436694
-9.434527,-8.625561
-9.067679,-9.780785
-9.710164,-8.625946
-7.999817,-9.396293
-8.1195,-9.244676
-8.927966,-8.678152
-9.909179,-9.116953
-6.8339615,1.9961275
-9.900161,-9.664231
-9.339728,-8.596125
-7.5223045,-9.576493
-10.002526,-9.105802
-9.439352,-10.195244
-9.653523,-8.483074
-10.173974,-8.635066
-10.588943,-8.332779
-8.867889,-9.878557
-9.918596,-8.629478
-7.623866,2.9001598
-10.078951,-9.137207
-9.543267,-10.178744
-8.420226,-9.948491
-8.156423,-9.304228
-7.3514605,-9.677019
-8.532701,-8.956261
-9.56136,-9.670693
-9.545791,-10.194153
-8.657109,-9.066797
-10.40933,-8.551103
-7.2923713,-9.709434
-8.998439,-9.112084
-8.871501,-10.081644
-9.37863,-9.876404
-8.628448,-8.92394
-7.3067503,-9.7035
-9.116054,-9.174361
-8.60965,-9.961264
-10.036696,-8.854779
-9.441959,-8.701082
-8.462128,-10.002959
-10.555795,-8.749941
-9.81713,-9.5212755
-9.960632,-9.098856
-9.587517,-10.160124
-9.820274,-8.50067
-7.536125,-9.941786
-7.5549464,-9.996049
-8.354156,-9.561743
-10.376661,-8.691903
-9.503693,-8.51185
-8.903369,-9.834064
-8.900961,-9.994188
-8.826656,-9.917573
-10.077993,-8.981515
-10.63511,-8.6195965
-7.357014,-9.694574
-10.131681,-8.790331
-8.738667,-9.333834
-9.237552,-8.733507
-7.476284,-9.892517
-9.043633,-8.606813
-8.039723,-9.212498
-8.479255,-10.065603
-8.526648,-8.841844
-8.251526,-9.889328
-8.857444,-8.861826
-8.963013,-8.770687
-9.660171,-9.994928
-9.302337,-8.999009
-8.677867,-10.011137
-9.769749,-9.886308
-9.627017,-9.394891
-8.771366,-9.477889
-9.361588,-10.208537
-8.978029,-9.676923
-8.900453,-9.185136
-10.002435,-9.124798
-8.7219,-10.241046
-7.573116,-9.58526
-7.3248677,-9.706439
-8.945388,-8.852084
-9.164133,-8.440217
-9.767705,-8.394208
-8.799337,-8.960244
-8.820067,-8.66707
-7.325288,-9.613636
-9.583261,-10.115095
-9.061129,-10.076401
-8.764934,-9.68102
-8.398621,-9.433459
-9.567665,-9.279564
-8.865975,-9.127115
-9.013317,-9.64448
-8.064108,-9.828029
-8.626396,-9.208127
-10.440585,-8.517825
-7.4475517,-9.560299
-9.487976,-9.45499
-9.5388,-8.534738
-8.742134,-9.923133
-8.691866,-8.9039135
-7.8471427,-9.97222
-8.51327,-9.422076
-8.628747,-8.862581
-9.037059,-8.717649
-8.959973,-9.13393
-8.190938,-9.5669
-9.509046,-9.440488
-8.238449,-9.391272
-10.33249,-8.944064
-9.483274,-8.5184765
-8.716095,-9.889179
-9.537619,-8.34777
-7.9458985,-10.154686
-9.76174,-8.426038
-8.644604,-9.129799
-8.02881,3.8157754
-7.3357034,3.7880425
-6.9297028,2.4841335
-7.160998,2.0484428
-6.779119,2.6278121
-8.620648,3.3722477
-6.9292965,1.4694974
-8.55226,3.4581213
-7.868747,2.6235445
-7.418919,3.6456327
-6.1801186,1.7472631
-8.597737,3.4981012
-8.04779,3.6199253
-8.424213,3.5049164
-7.504125,3.5712838
-7.3150167,3.2136796
-6.6585555,2.130338
-7.956512,2.6923866
-7.4338417,2.7105947
-7.3337235,1.4892185
-7.828522,1.8113812
-7.691783,1.9706674
-7.331067,3.230105
-7.52648,2.8842642
-7.2932177,1.9439927
-7.9815135,2.6109662
-6.1407948,0.8528925
-7.7541614,3.8486428
-8.179205,3.7687352
-8.06113,3.5714626
-7.324577,2.33621
-7.29385,2.42185
-8.125862,2.3472333
-7.8218412,2.1758516
-7.598548,2.1660051
-7.2661705,1.4728631
-7.2376842,2.351464
-8.325195,2.906755
-6.777306,1.6274127
-7.987147,1.9223057
-8.088481,2.2215595
-7.4201856,2.0896232
-7.728284,1.9474343
-6.164147,0.906699
-7.311046,3.189171
-6.060024,1.4062855
-7.3862514,3.345385
-6.5931587,1.2229356
-8.068127,2.9841726
-7.46682,3.4327962
-7.628556,3.2646303
-6.7380548,1.6430687
-7.2142944,1.4622916
-6.0610967,1.5179086
-7.6534224,1.9886037
-7.866374,2.8212223
-7.6393337,1.8018897
-7.1403985,2.2465045
-7.3293476,1.848564
-7.982824,3.1904848
-7.090507,3.144791
-7.1796417,2.3762543
-8.005296,3.6108556
-7.464534,1.9874004
-8.074914,2.8177657
-7.55657,1.589862
-7.529318,3.4776504
-8.434971,3.6451778
-7.007999,1.878133
-7.0449905,2.8276134
-6.4317536,6.823469
-7.951212,2.2854192
-6.1806602,1.1458294
-8.43454,3.1900668
-6.424908,1.7315358
-7.6108456,1.8961366
-7.6057644,1.9211681
-7.0074406,2.1396623
-6.99876,1.4611906
-8.106904,2.9571083
-6.5294614,1.5875837
-8.015172,2.3899946
-7.580021,3.419147
-7.9734006,2.1379507
-7.678894,3.9087126
-7.970139,2.5973237
-8.49941,3.529293
-6.8107705,5.8396163
-7.5849175,2.0508904
-7.218345,1.6091412
-8.291897,3.3049061
-7.693004,3.477684
-6.2910767,1.7750603
-7.9410963,2.608405
-6.7302957,1.3030853
-7.596455,2.4723754
-7.123868,1.485107
-7.377569,3.5856555
-8.238597,2.8798368
-7.2848344,3.2941303
-8.360701,2.6812034
-6.8364854,2.6107705
-6.152845,1.4256816
-8.247465,3.0764153
-6.119948,1.4362293
-6.642525,1.6260904
-7.003854,1.9987633
-6.7568088,1.4947182
-7.8224735,2.3938658
-8.389056,2.8442845
-6.1271186,0.82735604
-7.7370057,6.341931
-7.084521,1.7358099
-6.7381225,2.1934993
-7.663666,1.7070707
-7.826513,2.3721895
-8.265101,2.5598557
-7.067812,2.759101
-7.122905,2.2179039
-8.438604,3.5467536
-7.1811,1.501332
-6.7774754,1.704021
-8.063293,2.7794216
-6.8586373,1.7239323
-8.204618,3.1747785
-7.552419,2.5245454
-6.414924,1.529762
-7.1223445,2.9905558
-7.656914,2.0411606
-7.4913373,3.407688
-7.674725,1.9640396
-8.591137,3.3401465
-7.8169785,3.2547722
-7.9778004,2.262476
-8.33085,3.673256
-8.020974,2.086532
-7.830914,3.5222569
-7.8887496,3.5865142
-8.29925,2.200448
-7.864198,3.0551841
-7.226925,1.9740882
-8.002919,2.028835
-8.039845,2.1956265
-7.6236773,3.5193696
-7.478076,1.7634107
-8.277315,2.425245
-8.2429085,2.4602637
-6.976553,2.1529405
-7.4537845,3.4757059
-7.261031,3.303201
-7.3709416,1.6916293
-7.5409975,2.422983
-8.335432,2.42817
-7.281059,2.6547391
-7.1968374,2.0554974
-7.012571,2.8022218
-7.8980923,2.42705
-7.1585298,1.8266641
-7.736057,1.8410809
-7.208858,1.9000543
-8.447371,3.1041143
-7.129903,1.4750264
-8.061745,3.7142618
-7.772556,1.9144822
-7.6024675,3.4173677
-6.1726556,0.8068792
-7.3606443,3.4591088
-7.5268936,1.7604213
-7.397378,2.8128438
-7.6543846,2.5991707
-7.828352,2.2265375
-8.3641815,3.1002107
-6.0533657,1.3850718
-8.197879,3.6191654
-6.792796,2.2065356
-6.0589075,1.1062106
-8.364164,3.3141294
-8.334127,2.6061378
-6.984983,2.7430046
-8.492289,3.4601934
-7.3480186,2.4909577
-6.384892,1.3410145
-6.893013,1.2984465
-7.6524696,2.855385
-6.161478,0.97260237
-8.634718,3.3329806
-8.4455185,3.5958693
-7.225395,3.117985
-7.2555485,3.2039123
-8.001018,2.9025226
-7.926652,3.6513364
-8.609346,3.3684986
-7.5823894,2.6490214
-8.000933,2.9171078
-7.906112,2.9037733
-6.1873846,0.9108073
-8.609377,3.4006805
-7.3544407,1.5857798
-8.234005,3.6685305
-7.975314,2.8909273
-6.030353,1.5033278
-8.439987,3.615162
-7.6261716,1.6850175
-7.864248,3.0342045
-7.639948,1.8272249
-6.244401,1.6970433
-7.355738,1.5495706
-7.7940946,1.8007152
-7.023696,2.8217816
-6.778456,1.682444
-6.0159135,1.4807289
-7.7528915,2.3827274
-6.80119,2.196364
-6.1292744,1.6630269
-6.152977,1.6716019
-7.7043777,3.4711378
-8.236558,2.5840096
-7.6511893,5.8437467
-7.2937684,1.573564
-7.190113,2.3351734
-8.321012,2.5252383
-7.2364755,3.0410144
-7.4301715,3.41618
-7.954342,2.6097074
-8.307047,3.045139
-6.003333,1.4117488
-6.631104,1.6050342
-6.9202023,2.4436324
-7.6802807,2.817482
-8.086337,3.7009623
-6.11268,0.81298995
-6.413472,1.3971318
-7.4900956,2.6812618
-8.074317,4.0143
-6.0054035,1.2700557
-7.702975,3.444067
-7.622169,1.6095327
-7.3748016,2.6555903
-7.874267,2.1095746
-7.565449,2.2884567
-7.1177597,2.1631114
-7.449102,3.1339083
-6.4349356,1.3165563
-6.500705,1.3301264
-7.862334,2.2546215
-8.503634,3.3021643
-8.311917,2.6054327
-8.227052,2.7963374
-7.0264416,2.4528947
-7.351045,1.5469315
-6.2471275,0.95722187
-7.322074,2.6946924
-7.937098,2.1168027
-7.4698653,2.7886815
-7.8941307,2.4027398
-7.353068,3.3385947
-8.223751,2.4661655
-8.632656,3.3825226
-7.870889,1.9364617
-7.4862704,1.6008518
-7.867633,2.8459659
-8.154384,2.6282692
-6.2896495,1.9490923
-7.6547623,2.8831873
-7.7043986,1.6749228
-7.516758,3.5434186
-7.8982406,3.3387675
-6.258647,1.5762992
-7.1616297,1.72376
-6.7376266,2.1756167
-7.8874516,2.0645094
-7.9679103,2.3796034
-7.00805,2.3997698
-7.0429378,2.1692622
-7.4279914,2.8817446
-8.068426,2.1260638
-7.27741,2.0767348
-6.074364,1.6492342
-8.1083145,2.8016853
-7.011764,2.0537517
-8.020697,3.8272834
-7.6575947,3.462649
-7.422426,1.6863638
-6.981094,2.383088
-7.3764467,2.6024714
-7.3132353,3.2770984
-8.574824,3.2717571
-7.4484487,3.361833
-6.636627,2.1977012
-6.0722847,1.3184983
-8.130335,2.953193
-7.9231462,3.4208322
-6.8534775,2.2130697
-7.263231,2.9816585
-7.7929573,3.0136428
-6.789091,2.2553165
-7.515741,6.3172073
-8.242572,3.4126408
-7.6735926,1.8212568
-7.7144003,3.4642785
-7.7563977,3.4452097
-8.153744,2.5287812
-7.7319646,1.75963
-7.911117,1.9737712
-7.923969,3.1991904
-7.069227,2.6853328
-8.072261,3.117441
-8.312968,2.7423632
-8.141325,3.4303875
-7.5551815,1.7985811
-8.225314,3.8859632
-8.137263,2.4455066
-8.238264,3.0046172
-7.2914023,3.351648
-7.30164,2.6940076
-7.7346497,1.7887216
-6.886091,1.4710523
-7.637043,1.6861215
-8.251364,2.2923465
-7.4864273,1.5538808
-7.3937545,2.559335
-7.139809,3.1790159
-8.018606,3.9336474
-7.0332537,5.5941286
-7.5593767,1.9312419
-7.533037,3.3462808
-7.625607,2.7573147
-8.390656,3.1798053
-8.098879,2.709986
-7.078137,2.7222219
-7.8792095,1.8835597
-7.8057313,2.0060375
-8.148813,2.1257474
-7.880655,2.2058625
-6.375278,1.4804473
-8.377058,3.5942433
-7.736107,2.2601433
-8.655491,3.3107235
-6.7884946,1.7450787
-6.888032,1.4044706
-6.689536,2.1132965
-7.4958653,3.4131663
-6.2637854,1.509317
-7.2016463,2.711345
-6.9564333,1.834644
-7.3950047,2.8891003
-8.076739,3.2190816
-8.689567,3.3623013
-6.0991697,0.7872467
-6.901073,1.9949778
-7.7912903,3.5382195
-8.464506,3.587682
-8.112217,2.4887528
-8.468098,3.3630412
-7.031421,1.825368
-7.6574674,2.6839705
-7.815475,2.4939833
-7.9502125,2.6788983
-7.9395,2.9679825
-7.831995,3.518047
-6.6639514,1.5902003
-6.589721,1.7772552
-7.5639067,3.2305481
-7.4201775,6.5175557
-8.315897,2.8864808
-7.83072,2.0384512
-6.0692706,1.2808821
-7.380143,1.8289076
-7.98747,1.8880992
-7.03995,2.5855322
-6.5151963,1.6546203
-7.3786926,2.2399478
-7.29087,3.0014591
-6.0101795,1.3871839
-8.227339,2.174918
-8.237798,2.6489887
-7.0417023,2.3579774
-6.278779,1.8934537
-6.634566,6.058493
-8.358046,3.6421525
-8.533937,3.4893665
-8.277286,3.6102808
-6.1954,1.6909945
-7.1639814,3.3626995
-8.266309,2.7235956
-6.2056584,1.1159848
-7.0175276,2.7702334
-7.2420464,3.230318
-7.1966324,3.2124872
-8.055106,2.097775
-8.091234,2.4539742
-8.675604,3.3415651
-6.082918,1.4261936
-7.847952,2.958304
-7.9330893,2.9750953
-8.429747,3.6798148
-8.102755,1.9733427
-6.568791,1.5352905
-6.117399,1.6449646
-7.4542994,3.256422
-7.742978,2.8105295
-6.7411385,1.9960808
-7.162276,3.0821378
-7.6868787,1.7128446
-8.10235,2.6501348
-6.65518,2.1480994
-7.722708,2.1099255
-7.053293,1.9935862
-7.4642563,1.8311318
-6.9884534,1.4506179
-6.7866406,1.9799552
-7.5390315,2.5048945
-7.6017923,2.3514547
-7.1805296,3.065517
-7.2963924,3.280343
-7.5617228,3.4733758
-8.011831,2.846886
-7.544334,3.53906
-6.710597,2.3841753
-7.161936,2.0999196
-7.5724893,3.3454328
-6.3232527,1.0083159
-8.6000395,3.368122
-7.5926228,3.1379251
-6.0956664,1.6163676
-6.1388025,0.8649599
-6.1147084,1.6702288
-8.101195,2.7808905
-8.246711,2.2686932
-6.4266195,6.6727934
-6.170009,0.8506594
-7.9435425,2.090978
-7.853391,2.9030328
-8.534744,3.5162556
-7.850509,2.6621788
-7.901304,3.3409073
-8.135607,2.2943554
-6.14684,1.4755177
-8.386378,2.5585797
-8.4783535,3.7181478
-8.105178,2.8745155
-6.6736274,2.1671784
-6.822165,5.8823047
-7.1040854,2.2428968
-7.434907,3.552224
-7.6374846,2.9874482
-7.7032514,3.273535
-7.6237817,3.4870703
-7.5824003,3.5624204
-8.349836,3.8420663
-8.364701,2.9969208
-7.4906054,3.1887386
-8.642381,3.4038138
-8.126834,3.4728863
-8.4542,3.1495857
-8.200897,2.2229388
-6.407034,1.2782071
-7.61795,3.475679
-7.6797657,1.9042449
-7.8425174,1.8480911
-7.434259,2.642966
-6.868265,2.5071483
-6.751968,2.0152814
-7.985856,2.8543723
-6.9216905,1.3734834
-8.433142,3.6764889
-7.957477,2.5105844
-7.013495,3.008866
-8.115501,1.9467007
-7.843844,2.2056203
-6.4966307,1.7162204
-8.636969,3.3874893
-8.109844,3.437616
-8.407733,3.014473
-7.3033586,2.456669
-7.1181564,1.3790312
-6.9812517,2.3091466
-6.999629,2.0279427
-8.1328125,3.6254308
-8.302922,2.3422492
-7.7418246,2.8097155
-7.1073046,1.7989216
-7.3240857,3.2778518
-8.212793,2.2252066
-6.7812,1.8921148
-8.064542,2.3688717
-8.410553,2.995195
-6.283406,1.8790054
-7.1847076,2.0375984
-7.682315,1.7464304
-7.2405987,1.6870068
-8.00018,1.895925
-7.7644978,1.8446897
-8.469555,3.0959826
-6.891538,2.1670065
-8.266601,2.637459
-8.105432,2.6562102
-7.298619,1.5474881
-7.9908156,3.4016507
0.68200177,-0.8793312
2.7264745,-3.3311014
1.3644338,-3.897761
3.4403489,-3.4805908
1.7038491,-2.8657699
0.8470698,-4.214915
1.2891334,-5.354045
1.66911,-4.97133
2.965925,-3.3431795
1.7765936,-5.473037
1.9911776,-4.7295437
1.435359,-3.6976044
3.2903852,-3.326493
0.68530506,-4.5793633
1.3435358,-4.033838
3.0678623,-3.6497624
3.2296164,-3.8617337
2.7282612,-3.3505602
0.90094686,-4.617627
1.5223018,-5.519166
1.6239079,-4.631113
1.5106137,-3.0583162
2.9388807,-3.4438097
1.5636717,-2.9989827
2.7647562,-4.3981366
1.6458063,-4.2864265
1.7821853,-3.4312406
2.6239674,-4.6765423
1.6286851,-5.322747
1.8921578,-5.628887
0.7442342,-4.555653
2.8199496,-3.8060453
1.1486108,-5.177942
2.8370082,-3.1908803
1.4817774,-5.6016455
1.0348849,-5.4297366
2.4902549,-2.8198977
0.7090957,-4.3429327
3.0868754,-4.339278
3.055637,-3.7717712
0.29847395,-3.460353
2.5742266,-3.229671
1.434397,-3.2672606
1.8140167,-3.6308756
3.1689663,-4.0837283
2.3780367,-4.827309
2.7878633,-3.3675942
0.2644661,-4.8692145
2.294513,-4.8972397
2.081237,-3.0748982
1.3182489,-5.5141773
2.1940367,-5.1169863
1.589447,-5.6302524
2.718103,-3.1735177
2.6570063,-3.6143897
1.8711983,-3.5437136
1.4853301,-5.1856036
1.3508686,-3.2589066
0.11740115,-3.8442864
2.1342351,-3.247049
1.3884676,-3.3755145
2.234847,-3.2032099
1.7159059,-3.319741
12.480975,1.1647407
0.42564768,-4.6364436
1.5215613,-4.188667
0.60166633,-4.802394
1.6300893,-5.1949058
2.1076875,-5.3077855
0.8987409,-4.532091
2.6066055,-3.4890058
2.9100952,-3.2458322
1.6228063,-3.3354237
0.9709726,-3.9233356
1.4747175,-4.571626
1.794488,-3.2487733
1.7685133,-3.0135317
2.649706,-3.6371846
2.044323,-5.5155845
2.7766974,-4.146329
2.0749125,-3.9556222
0.62692934,-4.6890574
2.5731516,-3.8236055
0.5908368,-4.712461
0.68992174,-4.695783
2.194599,-3.6294866
2.369906,-3.022698
2.8357155,-3.5864737
1.864497,-4.5660625
1.3161131,-4.1640663
2.4977818,-4.186492
1.1527307,-3.7048826
1.1892076,-4.5597177
1.9270623,-4.5908346
1.5027245,-3.0491161
2.673855,-3.395185
3.389005,-3.396934
1.8758227,-3.208572
1.3683511,-4.730652
2.1722796,-5.1794977
1.8960427,-5.1964664
3.2327492,-4.0169353
3.4680564,-3.6370006
2.2309084,-4.0481234
3.4875405,-3.5382571
1.737349,-5.1062512
0.55631596,-4.379745
1.6244859,-4.154193
1.6762606,-4.3611403
1.2582855,-5.309108
1.4526886,-5.2608986
2.8509033,-3.273235
2.992042,-3.2992878
1.8353399,-5.075949
2.7885618,-3.1653543
0.8470745,-5.2337027
2.1377277,-5.319917
1.1531659,-3.2529616
2.4523022,-3.2602842
2.541799,-4.0584917
2.4988344,-4.509633
2.1582038,-4.525047
0.7617796,-3.1578798
2.1863353,-3.6514926
1.2763948,-5.5129333
1.7803978,-4.7458415
1.7314583,-4.891485
2.202911,-3.3614936
1.6276172,-3.3728416
2.0415795,-5.2041974
2.5391073,-3.7007225
3.3289745,-3.9984243
-10.357114,-8.593835
1.9025576,-4.6181374
0.3652503,-3.1835792
1.3574297,-4.7171144
1.2970229,-4.2480674
2.418582,-3.4211006
2.0270493,-4.437115
1.3098143,-5.2845783
2.1103678,-5.406418
1.0519763,-5.2651157
1.4296073,-5.168678
1.0811222,-4.3472495
3.065573,-3.4292336
1.2788488,-5.127031
2.8882744,-3.6117198
1.6465831,-3.7941155
1.6861942,-3.6007717
3.3349955,-3.415865
1.6827136,-3.878346
2.1040518,-5.074111
0.512274,-4.6246586
1.1956484,-3.193067
2.107553,-5.57323
2.1386094,-5.2601724
1.3021787,-3.4926894
0.69995385,-4.9000354
1.5692211,-3.4979177
2.0499456,-4.0842595
0.653553,-5.0534825
2.1106553,-5.3426642
2.2383342,-3.0616095
1.2399018,-3.445674
1.4400136,-4.091075
1.338066,-3.338549
3.429848,-3.671305
0.88191396,-5.3195276
1.9360821,-5.614448
1.2603285,-4.244851
3.4118378,-3.657545
1.8318415,-5.641051
0.68370456,-4.270159
1.4562678,-4.822646
2.9284935,-3.3545976
2.9325278,-3.312054
1.3744992,-5.4821906
2.910115,-3.4425862
1.7007558,-3.3659408
3.1462862,-4.0814652
1.0683173,-4.147877
1.154988,-5.097957
3.1348245,-4.2410426
1.873649,-5.6213174
2.2713306,-4.018717
1.5844274,-3.8360565
2.3433747,-3.155864
0.80038255,-3.1336327
-5.6702557,0.5834748
2.1110194,-3.9161994
2.912755,-4.2494516
0.4144585,-4.8267803
2.0871553,-5.7024307
1.6115663,-3.3903377
3.4473855,-3.74459
2.5503657,-4.2426553
1.2000083,-4.892691
1.0705854,-3.6527498
-8.1153555,6.0280666
2.1081672,-4.562479
2.5127134,-3.3473966
2.632715,-3.2259157
0.8068268,-4.653099
2.4414933,-3.8665578
1.9686942,-4.535503
2.0785882,-2.9830794
3.4916663,-3.597032
2.7125077,-3.402895
2.7725365,-4.6926684
2.1183767,-3.1000292
1.9487631,-5.609365
2.2031054,-5.2215986
0.64391035,-5.03683
2.8760242,-4.7049503
0.82755727,-4.398014
1.9633192,-5.022797
1.8540154,-4.3627415
2.2779553,-3.6416445
2.1407137,-3.8820896
2.9260638,-3.2037292
2.734235,-3.4398038
1.314489,-4.6910105
3.272353,-3.642799
0.8887987,-3.7113068
2.880722,-4.315299
1.9057308,-3.3902397
1.2397106,-5.354291
1.8187748,-4.7970576
1.1187892,-5.4141846
0.4731636,-4.8209486
2.1510513,-5.0113726
1.9248129,-4.616034
2.0648518,-3.5127223
1.5231367,-3.2332578
2.5131264,-4.2348094
1.5791266,-3.413369
1.705752,-4.3705144
2.2463725,-3.6620622
0.9018102,-4.550984
2.0232368,-4.8613114
2.2250836,-5.2026114
2.8139462,-3.70091
0.65094244,-4.8586693
1.6603683,-4.6519904
2.8852458,-3.2463837
0.72755504,-4.8034153
2.32133,-4.771562
0.93024844,-4.2475743
3.0619783,-4.107203
0.7577621,-4.415654
0.43696606,-5.017108
2.0112848,-5.5646625
1.20165,-3.7374222
1.2993001,-5.438786
1.5501218,-3.5191665
0.6974583,-2.8153076
2.8447945,-4.69778
3.0297937,-3.236446
0.58134496,-4.6499815
0.41315478,-3.2912304
2.6780384,-3.5212755
1.2563632,-4.0494475
1.8800861,-5.616144
2.1562052,-3.6695678
2.8274257,-4.4571486
1.3477974,-5.4939995
2.2767553,-3.0147817
3.2592964,-3.308209
2.4294195,-4.416912
3.4354084,-3.6916234
1.6143645,-5.4625797
2.156149,-5.292245
1.2388828,-3.1812582
0.2401044,-4.84764
1.9568673,-4.7893662
2.9760456,-4.548261
3.2389493,-4.1231914
1.0597564,-3.2685194
1.4508551,-5.1336966
2.9676588,-3.6989672
1.8391829,-4.710493
1.7484739,-3.4334924
1.909091,-3.3701742
0.68591917,-4.8996515
2.387003,-4.373252
2.8639095,-3.2405171
2.062599,-4.235549
2.5506978,-2.3830166
0.97080725,-4.968149
2.391788,-3.2319937
2.014004,-3.9670334
2.476613,-4.980244
-2.3701763,-1.1263536
1.5024897,-4.0947843
3.0503833,-3.378774
1.142762,-5.332555
2.2530622,-3.0448842
0.5414048,-4.789813
2.4639375,-4.0289516
3.1038988,-3.3389602
2.5386672,-3.1046362
3.5539227,-3.662053
2.733831,-3.2699754
1.5879588,-4.872073
1.926995,-3.5052824
0.3752489,-4.782346
2.654084,-4.4973044
2.105921,-4.5159516
0.8786123,-3.775925
2.6438882,-3.1773465
1.4722321,-5.489131
1.2358915,-5.3216844
2.0693345,-3.007473
2.0821447,-2.9112697
0.60570645,-4.6895766
2.6843224,-4.463073
2.4462316,-3.5560322
2.3009713,-2.986165
2.1312282,-3.2284875
0.9208204,-4.4499035
2.569093,-3.91111
2.1943376,-4.4150915
1.4971564,-4.224327
1.5112039,-5.356761
2.4320767,-4.789844
1.9527812,-4.3549876
2.4293475,-3.679215
2.4462955,-3.1727476
1.2537311,-3.6919038
1.8469974,-5.0410175
1.3928717,-5.5819373
2.6492574,-4.618208
2.9964612,-4.205899
1.5606229,-3.933977
3.5637228,-3.5843682
2.7429612,-4.8481417
2.7443619,-3.312587
0.40908185,-4.6706448
3.4165232,-3.5093272
1.9435533,-4.29859
1.7573155,-3.684976
1.6551638,-4.5201607
2.7674239,-3.7853734
0.9410819,-5.292368
0.83688694,-4.4676824
2.021483,-5.517821
1.2860924,-5.259289
3.330746,-3.7060468
0.5632624,-4.601469
1.6926104,-4.384944
1.5832818,-5.420501
1.757685,-3.589981
0.5488925,-5.085258
0.7920901,-4.861903
3.25932,-3.3108923
2.843115,-4.70003
2.3986158,-4.2762733
2.3309326,-3.6595716
2.5613453,-3.7211525
0.72709256,-3.6013308
1.5265338,-3.6152024
0.62427413,-3.2537603
3.2622573,-4.0361457
1.4123397,-3.3115518
1.8170083,-3.265336
2.0862477,-5.2431374
1.7544981,-3.4131334
2.4610195,-4.594849
0.54614896,-3.4652762
1.6709919,-5.6543555
2.62753,-4.648714
2.9084854,-4.684189
1.55094,-5.3701973
2.1724913,-4.4645534
2.2359328,-3.9096544
1.4300299,-3.47805
0.25563732,-4.842491
2.7417111,-3.5722978
2.5048175,-4.472836
3.565599,-3.5670314
2.8823023,-3.568389
1.0146713,-3.3989484
0.6466564,-5.1156087
3.2933428,-3.3236763
0.548061,-4.0298657
2.0242832,-4.520039
0.5776913,-5.1226063
1.4437457,-3.927347
0.7324134,-4.579252
3.3672268,-3.8906085
1.7157271,-4.580595
2.8341582,-3.9256566
1.7717553,-5.637996
1.609221,-4.212209
1.5363464,-3.4778845
1.956154,-5.3187017
0.71770054,-4.7597613
1.9415083,-3.2254028
0.5721156,-4.9960394
3.3687303,-3.5282555
2.1219482,-3.829933
1.9129558,-3.3979843
2.524767,-3.6090288
1.0780396,-3.8315778
2.2284098,-4.5419836
1.4201646,-5.6203265
1.4888107,-3.2942898
3.2159207,-3.7954323
1.564773,-3.3033412
2.8470368,-3.785999
2.6734562,-3.471895
3.0109453,-4.507247
0.42617652,-4.771929
1.9517093,-3.3746808
1.5699538,-5.095341
1.7080268,-4.8905773
1.8634129,-5.365191
3.1616728,-4.074197
0.70653063,-4.718617
2.7579525,-4.1712756
0.7694605,-5.1768603
2.5996935,-3.1370645
3.269001,-3.2539587
1.761381,-5.574575
1.4690955,-3.22301
1.6300492,-4.325385
1.5982151,-4.0594115
0.93476504,-4.234225
-5.5787807,0.5342794
3.4625187,-3.5071964
1.4371002,-2.9043431
1.3869722,-4.8322353
2.9084857,-3.5764606
3.1091912,-3.4348748
0.18399987,-4.1063776
2.7412908,-3.6998484
0.5034233,-4.871779
0.60810286,-4.615706
0.91668266,-5.039948
0.9979759,-3.730313
3.2228916,-3.3449962
1.2817353,-4.3776746
1.722923,-5.223891
1.7373316,-5.39672
1.5064145,-3.93591
1.1831065,-5.065664
2.8957229,-4.6509085
0.86909336,-0.950584
2.02257,-5.3402834
2.3659666,-4.3135605
1.2711631,-5.137039
3.310839,-4.264868
2.6653645,-3.1231287
1.2913765,-3.4810567
1.7447263,-5.5739655
2.4116778,-2.6760182
2.4202664,-4.4682827
1.6858004,-3.0776267
1.2973545,-3.390461
1.8597466,-5.6635914
1.9620591,-4.7622895
1.3178874,-5.553204
2.7480657,-4.527819
0.71510345,-4.3770037
0.25292814,-4.782131
2.9343967,-3.2552357
1.436543,-5.2837787
3.0065992,-4.558568
1.8606794,-5.123107
0.6455822,-4.6563272
2.7578065,-3.5724764
3.0009923,-4.4403152
1.7051117,-5.0652
1.4937178,-3.3284883
1.8004236,-3.4237309
3.3398907,-3.597256
2.5030458,-2.8015103
1.74121,-4.5899377
1.7936065,-3.128839
2.896633,-3.9062557
1.4303874,-5.310539
2.3895946,-3.0329092
2.127793,-4.1217685
0.50233626,-4.853124
2.8849337,-3.3363018
2.0335696,-5.471038
1.6141679,-3.4870806
2.886349,-3.2196708
3.0891118,-3.3108273
2.6169193,-4.597576
1.7695078,-4.6805196
1.7320764,-4.4110866
2.2792542,-5.200956
3.434252,-3.6354334
1.5396523,-3.4128044
3.0271192,-4.098853
-1.5850776,-1.1662828
2.8000515,-4.3508935
1.8064141,-4.850385
